,Housing_free,Housing_own,Housing_rent,Purpose_business,Purpose_car,Purpose_domestic appliances,Purpose_education,Purpose_furniture/equipment,Purpose_radio/TV,Purpose_repairs,Purpose_vacation/others,Risk_bad,Risk_good,Age,Job,Saving accounts,Checking account,Credit amount,Duration,Risk
0,0,1,0,0,0,0,0,0,1,0,0,0,1,67,2,0,1,1169,6,1
1,0,1,0,0,0,0,0,0,1,0,0,1,0,22,2,1,2,5951,48,0
2,0,1,0,0,0,0,1,0,0,0,0,0,1,49,1,1,0,2096,12,1
3,1,0,0,0,0,0,0,1,0,0,0,0,1,45,2,1,1,7882,42,1
4,1,0,0,0,1,0,0,0,0,0,0,1,0,53,2,1,1,4870,24,0
5,1,0,0,0,0,0,1,0,0,0,0,0,1,35,1,0,0,9055,36,1
6,0,1,0,0,0,0,0,1,0,0,0,0,1,53,2,3,0,2835,24,1
7,0,0,1,0,1,0,0,0,0,0,0,0,1,35,3,1,2,6948,36,1
8,0,1,0,0,0,0,0,0,1,0,0,0,1,61,1,4,0,3059,12,1
9,0,1,0,0,1,0,0,0,0,0,0,1,0,28,3,1,2,5234,30,0
10,0,0,1,0,1,0,0,0,0,0,0,1,0,25,2,1,2,1295,12,0
11,0,0,1,1,0,0,0,0,0,0,0,1,0,24,2,1,1,4308,48,0
12,0,1,0,0,0,0,0,0,1,0,0,0,1,22,2,1,2,1567,12,1
13,0,1,0,0,1,0,0,0,0,0,0,1,0,60,1,1,1,1199,24,0
14,0,0,1,0,1,0,0,0,0,0,0,0,1,28,2,1,1,1403,15,1
15,0,1,0,0,0,0,0,0,1,0,0,1,0,32,1,2,1,1282,24,0
16,0,1,0,0,0,0,0,0,1,0,0,0,1,53,2,0,0,2424,24,1
17,0,1,0,1,0,0,0,0,0,0,0,0,1,25,2,0,1,8072,30,1
18,1,0,0,0,1,0,0,0,0,0,0,1,0,44,3,1,2,12579,24,0
19,0,1,0,0,0,0,0,0,1,0,0,0,1,31,2,3,0,3430,24,1
20,0,1,0,0,1,0,0,0,0,0,0,0,1,48,2,1,0,2134,9,1
21,0,0,1,0,0,0,0,0,1,0,0,0,1,44,2,3,1,2647,6,1
22,0,0,1,0,1,0,0,0,0,0,0,0,1,48,1,1,1,2241,10,1
23,0,1,0,0,1,0,0,0,0,0,0,0,1,44,2,2,2,1804,12,1
24,0,1,0,0,0,0,0,1,0,0,0,0,1,26,2,0,0,2069,10,1
25,0,1,0,0,0,0,0,1,0,0,0,0,1,36,1,1,1,1374,6,1
26,0,1,0,0,0,0,0,0,1,0,0,0,1,39,1,1,0,426,6,1
27,0,0,1,0,0,0,0,0,1,0,0,0,1,42,2,4,4,409,12,1
28,0,1,0,0,0,0,0,0,1,0,0,0,1,34,2,1,2,2415,7,1
29,0,1,0,1,0,0,0,0,0,0,0,1,0,63,2,1,1,6836,60,0
30,0,1,0,1,0,0,0,0,0,0,0,0,1,36,2,4,2,1913,18,1
31,0,1,0,0,0,0,0,1,0,0,0,0,1,27,2,1,1,4020,24,1
32,0,1,0,0,1,0,0,0,0,0,0,0,1,30,2,2,2,5866,18,1
33,0,0,1,1,0,0,0,0,0,0,0,0,1,57,1,0,0,1264,12,1
34,0,1,0,0,0,0,0,1,0,0,0,0,1,33,3,1,4,1474,12,1
35,0,1,0,0,0,0,0,0,1,0,0,1,0,25,1,1,2,4746,45,0
36,1,0,0,0,0,0,1,0,0,0,0,0,1,31,2,1,0,6110,48,1
37,0,1,0,0,0,0,0,0,1,0,0,1,0,37,2,1,4,2100,18,0
38,0,1,0,0,0,1,0,0,0,0,0,0,1,37,2,1,4,1225,10,1
39,0,1,0,0,0,0,0,0,1,0,0,0,1,24,2,1,2,458,9,1
40,0,1,0,0,0,0,0,0,1,0,0,0,1,30,3,3,0,2333,30,1
41,0,1,0,0,0,0,0,0,1,0,0,0,1,26,2,3,2,1158,12,1
42,0,1,0,0,0,0,0,0,0,1,0,0,1,44,1,1,2,6204,18,1
43,0,0,1,0,1,0,0,0,0,0,0,0,1,24,2,2,1,6187,30,1
44,1,0,0,0,1,0,0,0,0,0,0,1,0,58,1,1,1,6143,48,0
45,0,1,0,0,1,0,0,0,0,0,0,0,1,35,3,1,0,1393,11,1
46,0,1,0,0,0,0,0,0,1,0,0,0,1,39,2,3,0,2299,36,1
47,0,0,1,0,1,0,0,0,0,0,0,0,1,23,0,3,1,1352,6,1
48,0,1,0,0,1,0,0,0,0,0,0,0,1,39,1,1,0,7228,11,1
49,0,1,0,0,0,0,0,0,1,0,0,0,1,28,2,2,0,2073,12,1
50,0,1,0,0,0,0,0,1,0,0,0,0,1,29,1,0,2,2333,24,1
51,0,1,0,0,1,0,0,0,0,0,0,0,1,30,3,1,2,5965,27,1
52,0,1,0,0,0,0,0,0,1,0,0,0,1,25,2,1,0,1262,12,1
53,0,1,0,0,1,0,0,0,0,0,0,0,1,31,2,0,0,3378,18,1
54,1,0,0,0,1,0,0,0,0,0,0,1,0,57,2,1,2,2225,36,0
55,0,1,0,0,1,0,0,0,0,0,0,0,1,26,1,0,0,783,6,1
56,0,1,0,0,0,0,0,0,1,0,0,1,0,52,3,0,2,6468,12,0
57,0,1,0,0,0,0,0,0,1,0,0,0,1,31,2,1,0,9566,36,1
58,0,1,0,0,1,0,0,0,0,0,0,0,1,23,3,1,4,1961,18,1
59,0,0,1,0,0,0,0,1,0,0,0,1,0,23,1,1,1,6229,36,0
60,0,1,0,1,0,0,0,0,0,0,0,0,1,27,2,1,2,1391,9,1
61,0,1,0,0,0,0,0,0,1,0,0,0,1,50,2,0,2,1537,15,1
62,1,0,0,1,0,0,0,0,0,0,0,1,0,61,3,1,2,1953,36,0
63,0,1,0,1,0,0,0,0,0,0,0,1,0,25,2,1,2,14421,48,0
64,0,1,0,0,0,0,0,0,1,0,0,0,1,26,2,1,0,3181,24,1
65,0,1,0,0,0,0,0,0,0,1,0,0,1,48,2,0,0,5190,27,1
66,0,1,0,0,0,0,0,0,1,0,0,0,1,29,2,1,0,2171,12,1
67,0,1,0,0,1,0,0,0,0,0,0,0,1,22,2,4,2,1007,12,1
68,1,0,0,0,0,0,1,0,0,0,0,1,0,37,2,1,0,1819,36,0
69,0,1,0,0,0,0,0,0,1,0,0,0,1,25,2,0,0,2394,36,1
70,0,1,0,0,1,0,0,0,0,0,0,0,1,30,2,1,0,8133,36,1
71,0,0,1,0,0,0,0,0,1,0,0,0,1,46,1,0,0,730,7,1
72,1,0,0,0,0,0,0,0,0,0,1,0,1,51,3,1,1,1164,8,1
73,0,1,0,1,0,0,0,0,0,0,0,0,1,41,1,1,2,5954,42,1
74,0,1,0,0,0,0,1,0,0,0,0,1,0,40,3,0,1,1977,36,0
75,1,0,0,0,1,0,0,0,0,0,0,0,1,66,3,1,1,1526,12,1
76,0,1,0,0,0,0,0,0,1,0,0,1,0,34,2,1,1,3965,42,0
77,0,1,0,0,0,0,0,0,1,0,0,0,1,51,2,1,2,4771,11,1
78,0,1,0,0,1,0,0,0,0,0,0,0,1,39,1,0,0,9436,54,1
79,0,1,0,0,0,0,0,1,0,0,0,0,1,22,2,1,2,3832,30,1
80,0,1,0,0,0,0,0,0,1,0,0,1,0,44,2,0,0,5943,24,0
81,0,1,0,0,0,0,0,0,1,0,0,0,1,47,2,3,0,1213,15,1
82,0,0,1,1,0,0,0,0,0,0,0,0,1,24,1,2,0,1568,18,1
83,0,1,0,0,0,0,0,0,0,0,1,0,1,58,1,1,1,1755,24,1
84,0,1,0,0,0,0,0,0,1,0,0,0,1,52,1,1,1,2315,10,1
85,0,1,0,1,0,0,0,0,0,0,0,0,1,29,3,1,0,1412,12,1
86,0,1,0,0,0,0,0,1,0,0,0,0,1,27,2,1,2,1295,18,1
87,1,0,0,0,0,0,1,0,0,0,0,1,0,47,2,2,2,12612,36,0
88,0,1,0,0,1,0,0,0,0,0,0,0,1,30,3,2,1,2249,18,1
89,0,1,0,0,0,0,0,0,0,1,0,1,0,28,2,1,1,1108,12,0
90,0,1,0,0,0,0,0,0,1,0,0,0,1,56,2,1,0,618,12,1
91,0,1,0,0,1,0,0,0,0,0,0,0,1,54,2,1,1,1409,12,1
92,0,1,0,0,0,0,0,0,1,0,0,1,0,33,1,0,0,797,12,0
93,0,0,1,0,0,0,0,1,0,0,0,0,1,20,2,0,4,3617,24,1
94,0,1,0,0,1,0,0,0,0,0,0,0,1,54,2,4,2,1318,12,1
95,0,0,1,1,0,0,0,0,0,0,0,1,0,58,2,1,2,15945,54,0
96,0,1,0,0,0,0,1,0,0,0,0,0,1,61,2,0,0,2012,12,1
97,0,1,0,1,0,0,0,0,0,0,0,0,1,34,2,2,2,2622,18,1
98,0,1,0,0,0,0,0,0,1,0,0,0,1,36,2,1,2,2337,36,1
99,0,0,1,0,1,0,0,0,0,0,0,0,1,36,3,0,2,7057,20,1
100,0,0,1,0,1,0,0,0,0,0,0,0,1,41,1,2,0,1469,24,1
101,0,0,1,0,0,0,0,0,1,0,0,0,1,24,2,1,2,2323,36,1
102,0,1,0,0,0,0,0,0,1,0,0,0,1,24,2,1,0,932,6,1
103,0,0,1,0,0,0,0,1,0,0,0,0,1,35,2,1,2,1919,9,1
104,0,0,1,0,1,0,0,0,0,0,0,0,1,26,2,0,0,2445,12,1
105,0,1,0,0,0,0,0,0,0,0,1,1,0,39,3,1,2,11938,24,0
106,0,1,0,0,1,0,0,0,0,0,0,1,0,39,3,1,0,6458,18,0
107,0,1,0,0,1,0,0,0,0,0,0,0,1,32,2,1,2,6078,12,1
108,0,1,0,0,0,0,0,1,0,0,0,0,1,30,2,0,1,7721,24,1
109,0,1,0,1,0,0,0,0,0,0,0,0,1,35,2,3,2,1410,14,1
110,0,1,0,1,0,0,0,0,0,0,0,0,1,31,2,2,2,1449,6,1
111,0,0,1,0,0,0,1,0,0,0,0,0,1,23,2,1,4,392,15,1
112,0,0,1,0,1,0,0,0,0,0,0,0,1,28,1,1,2,6260,18,1
113,0,1,0,0,1,0,0,0,0,0,0,1,0,25,2,1,0,7855,36,0
114,0,1,0,0,0,0,0,0,1,0,0,0,1,35,2,3,1,1680,12,1
115,0,1,0,0,0,0,0,0,1,0,0,0,1,47,2,0,0,3578,48,1
116,0,1,0,0,0,0,0,0,1,0,0,1,0,30,3,0,1,7174,42,0
117,0,0,1,0,0,0,0,1,0,0,0,0,1,27,2,0,1,2132,10,1
118,0,1,0,0,0,0,0,1,0,0,0,1,0,23,2,3,1,4281,33,0
119,0,1,0,0,1,0,0,0,0,0,0,0,1,36,3,3,2,2366,12,1
120,0,1,0,0,0,0,0,0,1,0,0,1,0,25,2,1,1,1835,21,0
121,0,0,1,0,1,0,0,0,0,0,0,0,1,41,3,1,0,3868,24,1
122,0,0,1,0,0,0,0,1,0,0,0,0,1,24,1,1,0,1768,12,1
123,1,0,0,0,1,0,0,0,0,0,0,0,1,63,2,1,4,781,10,1
124,0,0,1,0,0,0,0,1,0,0,0,1,0,27,2,0,2,1924,18,0
125,0,1,0,0,1,0,0,0,0,0,0,0,1,30,2,1,1,2121,12,1
126,0,1,0,0,0,0,0,0,1,0,0,0,1,40,1,1,1,701,12,1
127,0,1,0,0,0,0,0,0,0,1,0,1,0,30,2,1,2,639,12,0
128,0,1,0,0,1,0,0,0,0,0,0,0,1,34,3,1,2,1860,12,1
129,0,1,0,0,1,0,0,0,0,0,0,1,0,29,2,1,1,3499,12,0
130,0,1,0,0,1,0,0,0,0,0,0,0,1,24,2,0,2,8487,48,1
131,0,1,0,0,0,0,1,0,0,0,0,1,0,29,2,1,1,6887,36,0
132,0,1,0,0,0,0,0,1,0,0,0,0,1,27,1,1,0,2708,15,1
133,1,0,0,0,0,0,0,1,0,0,0,0,1,47,2,1,0,1984,18,1
134,0,1,0,0,0,0,0,0,1,0,0,0,1,21,2,2,0,10144,60,1
135,0,1,0,0,0,0,0,0,1,0,0,0,1,38,2,0,0,1240,12,1
136,0,1,0,0,1,0,0,0,0,0,0,0,1,27,2,4,0,8613,27,1
137,0,1,0,0,0,0,0,0,1,0,0,1,0,66,1,3,2,766,12,0
138,0,1,0,0,0,0,0,0,1,0,0,0,1,35,2,0,2,2728,15,1
139,0,0,1,0,0,0,0,0,1,0,0,0,1,44,1,1,4,1881,12,1
140,0,1,0,0,1,0,0,0,0,0,0,0,1,27,0,4,4,709,6,1
141,0,1,0,0,0,0,0,0,1,0,0,0,1,30,3,1,2,4795,36,1
142,0,1,0,0,0,0,0,0,1,0,0,0,1,27,3,1,1,3416,27,1
143,0,1,0,0,0,0,0,1,0,0,0,1,0,22,2,1,1,2462,18,0
144,0,1,0,0,0,0,0,1,0,0,0,0,1,23,2,1,0,2288,21,1
145,0,1,0,1,0,0,0,0,0,0,0,0,1,30,2,2,2,3566,48,1
146,0,1,0,0,1,0,0,0,0,0,0,0,1,39,2,1,1,860,6,1
147,0,1,0,0,1,0,0,0,0,0,0,0,1,51,2,2,0,682,12,1
148,0,1,0,0,0,0,0,1,0,0,0,0,1,28,2,1,1,5371,36,1
149,0,1,0,0,0,0,0,0,1,0,0,0,1,46,2,4,0,1582,18,1
150,1,0,0,0,0,0,0,0,1,0,0,0,1,42,2,2,0,1346,6,1
151,0,1,0,0,0,0,0,0,1,0,0,0,1,38,2,1,0,1924,10,1
152,0,1,0,0,0,0,0,0,1,0,0,0,1,24,2,1,4,5848,36,1
153,0,0,1,0,1,0,0,0,0,0,0,0,1,29,2,4,2,7758,24,1
154,0,0,1,1,0,0,0,0,0,0,0,0,1,36,3,2,2,6967,24,1
155,0,0,1,0,0,0,0,1,0,0,0,1,0,20,2,1,1,1282,12,0
156,0,1,0,0,0,0,0,0,0,1,0,0,1,48,2,2,1,1288,9,1
157,0,1,0,0,0,0,1,0,0,0,0,0,1,45,1,1,1,339,12,1
158,0,1,0,0,1,0,0,0,0,0,0,0,1,38,2,2,2,3512,24,1
159,0,1,0,0,0,0,0,0,1,0,0,0,1,34,1,0,0,1898,6,1
160,0,1,0,0,0,0,0,0,1,0,0,0,1,36,2,2,0,2872,24,1
161,0,1,0,0,1,0,0,0,0,0,0,0,1,30,2,1,0,1055,18,1
162,0,1,0,0,0,1,0,0,0,0,0,0,1,36,2,3,0,1262,15,1
163,1,0,0,0,1,0,0,0,0,0,0,0,1,70,3,1,2,7308,10,1
164,0,1,0,0,1,0,0,0,0,0,0,0,1,36,2,3,0,909,36,1
165,0,1,0,0,0,0,0,1,0,0,0,0,1,32,2,3,0,2978,6,1
166,0,1,0,0,0,0,0,1,0,0,0,1,0,33,2,1,1,1131,18,0
167,0,1,0,0,0,0,0,1,0,0,0,0,1,20,2,4,2,1577,11,1
168,0,0,1,0,0,0,0,1,0,0,0,0,1,25,2,1,0,3972,24,1
169,0,1,0,1,0,0,0,0,0,0,0,1,0,31,2,1,2,1935,24,0
170,0,0,1,0,1,0,0,0,0,0,0,1,0,33,2,1,1,950,15,0
171,0,1,0,0,0,0,0,1,0,0,0,0,1,26,2,1,0,763,12,1
172,0,1,0,0,0,0,0,1,0,0,0,1,0,34,3,1,2,2064,24,0
173,0,1,0,0,0,0,0,0,1,0,0,0,1,33,2,1,2,1414,8,1
174,0,1,0,0,0,0,1,0,0,0,0,1,0,26,2,1,1,3414,21,0
175,0,1,0,0,1,0,0,0,0,0,0,1,0,53,3,0,0,7485,30,0
176,0,1,0,0,0,0,0,1,0,0,0,0,1,42,2,1,1,2577,12,1
177,0,1,0,0,0,0,0,0,1,0,0,0,1,52,2,3,1,338,6,1
178,0,0,1,0,0,0,0,0,1,0,0,0,1,31,3,1,0,1963,12,1
179,0,1,0,0,1,0,0,0,0,0,0,0,1,65,2,1,1,571,21,1
180,0,1,0,1,0,0,0,0,0,0,0,1,0,28,2,1,0,9572,36,0
181,0,1,0,1,0,0,0,0,0,0,0,1,0,30,3,1,2,4455,36,0
182,0,1,0,0,1,0,0,0,0,0,0,1,0,40,1,0,1,1647,21,0
183,0,1,0,0,0,0,0,1,0,0,0,0,1,50,2,4,0,3777,24,1
184,0,1,0,0,1,0,0,0,0,0,0,1,0,36,2,1,2,884,18,0
185,0,1,0,0,0,0,0,0,1,0,0,0,1,31,2,1,0,1360,15,1
186,1,0,0,0,1,0,0,0,0,0,0,1,0,74,3,1,2,5129,9,0
187,1,0,0,0,1,0,0,0,0,0,0,0,1,68,0,1,2,1175,16,1
188,0,1,0,0,0,0,0,0,1,0,0,1,0,20,2,2,1,674,12,0
189,0,1,0,0,0,0,0,1,0,0,0,0,1,33,2,1,2,3244,18,1
190,0,1,0,1,0,0,0,0,0,0,0,1,0,54,3,4,0,4591,24,0
191,1,0,0,1,0,0,0,0,0,0,0,1,0,34,1,2,2,3844,48,0
192,0,1,0,1,0,0,0,0,0,0,0,1,0,36,2,1,2,3915,27,0
193,0,0,1,0,0,0,0,0,1,0,0,0,1,29,2,1,0,2108,6,1
194,0,0,1,0,0,0,0,0,1,0,0,1,0,21,2,2,2,3031,45,0
195,0,1,0,0,0,0,1,0,0,0,0,1,0,34,3,1,2,1501,9,0
196,0,1,0,0,0,0,0,0,1,0,0,0,1,28,2,1,0,1382,6,1
197,0,0,1,0,0,0,0,1,0,0,0,1,0,27,2,2,2,951,12,0
198,1,0,0,0,1,0,0,0,0,0,0,0,1,36,2,0,2,2760,24,1
199,0,1,0,0,0,0,0,1,0,0,0,1,0,40,3,1,2,4297,18,0
200,0,1,0,0,0,0,1,0,0,0,0,0,1,52,2,3,0,936,9,1
201,0,1,0,0,1,0,0,0,0,0,0,0,1,27,1,1,1,1168,12,1
202,0,1,0,1,0,0,0,0,0,0,0,0,1,26,2,1,0,5117,27,1
203,0,0,1,0,0,0,1,0,0,0,0,1,0,21,2,1,1,902,12,0
204,0,1,0,0,1,0,0,0,0,0,0,0,1,38,1,1,0,1495,12,1
205,1,0,0,0,1,0,0,0,0,0,0,0,1,38,3,1,1,10623,30,1
206,0,1,0,0,0,0,0,1,0,0,0,0,1,43,2,1,0,1935,12,1
207,0,1,0,0,0,1,0,0,0,0,0,0,1,26,2,1,2,1424,12,1
208,0,1,0,1,0,0,0,0,0,0,0,0,1,21,1,1,1,6568,24,1
209,0,1,0,0,1,0,0,0,0,0,0,0,1,55,2,4,0,1413,12,1
210,0,1,0,0,0,0,0,0,1,0,0,0,1,33,2,0,0,3074,9,1
211,0,1,0,0,0,0,0,0,1,0,0,0,1,45,1,0,0,3835,36,1
212,0,1,0,1,0,0,0,0,0,0,0,1,0,50,2,1,1,5293,27,0
213,0,1,0,1,0,0,0,0,0,0,0,1,0,66,3,1,4,1908,30,0
214,0,1,0,0,0,0,0,0,1,0,0,0,1,51,2,0,0,3342,36,1
215,0,1,0,0,0,0,1,0,0,0,0,0,1,39,1,0,2,932,6,1
216,0,1,0,1,0,0,0,0,0,0,0,0,1,31,2,1,1,3104,18,1
217,0,1,0,0,0,0,0,0,1,0,0,0,1,23,2,1,4,3913,36,1
218,0,0,1,0,0,0,0,1,0,0,0,0,1,24,1,1,1,3021,24,1
219,0,1,0,0,1,0,0,0,0,0,0,0,1,64,2,1,0,1364,10,1
220,0,1,0,0,0,0,0,0,1,0,0,0,1,26,1,1,2,625,12,1
221,0,0,1,0,0,0,1,0,0,0,0,0,1,23,2,0,1,1200,12,1
222,0,1,0,0,0,0,0,0,1,0,0,0,1,30,2,1,0,707,12,1
223,0,1,0,1,0,0,0,0,0,0,0,0,1,32,2,0,0,2978,24,1
224,0,1,0,0,1,0,0,0,0,0,0,0,1,30,2,1,0,4657,15,1
225,0,1,0,0,0,0,0,0,0,1,0,0,1,27,2,1,0,2613,36,1
226,0,1,0,0,0,0,0,0,1,0,0,1,0,27,2,4,2,10961,48,0
227,1,0,0,0,0,0,0,1,0,0,0,1,0,53,3,1,1,7865,12,0
228,0,1,0,0,0,0,0,0,1,0,0,1,0,22,2,1,0,1478,9,0
229,1,0,0,0,0,0,0,1,0,0,0,0,1,22,2,1,1,3149,24,1
230,0,1,0,0,0,0,0,0,1,0,0,1,0,26,2,1,4,4210,36,0
231,1,0,0,0,1,0,0,0,0,0,0,0,1,51,1,3,0,2507,9,1
232,0,1,0,0,0,0,0,0,1,0,0,0,1,35,2,2,0,2141,12,1
233,0,1,0,0,0,0,0,0,1,0,0,0,1,25,1,1,2,866,18,1
234,0,1,0,0,0,0,0,0,1,0,0,0,1,42,1,1,0,1544,4,1
235,0,1,0,0,0,0,0,0,1,0,0,1,0,30,3,1,1,1823,24,0
236,0,1,0,0,1,0,0,0,0,0,0,1,0,23,0,0,2,14555,6,0
237,0,0,1,1,0,0,0,0,0,0,0,1,0,61,1,2,2,2767,21,0
238,0,1,0,0,0,0,0,0,1,0,0,0,1,35,2,1,0,1291,12,1
239,0,1,0,0,0,0,0,0,1,0,0,0,1,39,2,1,1,2522,30,1
240,0,1,0,0,1,0,0,0,0,0,0,1,0,29,2,0,1,915,24,0
241,0,1,0,0,0,0,0,0,1,0,0,0,1,51,2,1,0,1595,6,1
242,1,0,0,0,1,0,0,0,0,0,0,1,0,24,2,1,1,4605,48,0
243,0,1,0,1,0,0,0,0,0,0,0,0,1,27,2,1,0,1185,12,1
244,0,1,0,0,0,0,1,0,0,0,0,0,1,35,1,3,0,3447,12,1
245,0,1,0,1,0,0,0,0,0,0,0,0,1,25,2,1,0,1258,24,1
246,0,1,0,0,0,0,0,0,1,0,0,0,1,52,2,1,0,717,12,1
247,0,0,1,0,1,0,0,0,0,0,0,0,1,35,2,2,0,1204,6,1
248,0,1,0,0,0,0,0,1,0,0,0,0,1,26,2,1,4,1925,24,1
249,0,0,1,0,0,0,0,0,1,0,0,1,0,22,2,1,0,433,18,0
250,0,1,0,0,1,0,0,0,0,0,0,0,1,39,1,4,1,666,6,1
251,0,1,0,0,0,0,0,1,0,0,0,0,1,46,1,1,4,2251,12,1
252,0,1,0,0,1,0,0,0,0,0,0,1,0,24,2,1,2,2150,30,0
253,0,1,0,0,0,0,0,1,0,0,0,0,1,35,2,2,0,4151,24,1
254,0,1,0,0,0,0,0,1,0,0,0,0,1,24,2,0,2,2030,9,1
255,0,1,0,0,0,0,0,0,1,0,0,0,1,27,1,0,2,7418,60,1
256,0,1,0,0,0,0,0,0,1,0,0,0,1,35,1,1,0,2684,24,1
257,1,0,0,0,0,0,0,0,1,0,0,1,0,29,2,1,1,2149,12,0
258,0,1,0,0,1,0,0,0,0,0,0,0,1,23,2,2,0,3812,15,1
259,0,1,0,0,0,0,0,0,1,0,0,0,1,57,1,2,0,1154,11,1
260,0,1,0,0,0,0,0,1,0,0,0,0,1,27,2,1,1,1657,12,1
261,0,1,0,0,0,0,0,0,1,0,0,0,1,55,2,1,1,1603,24,1
262,1,0,0,0,1,0,0,0,0,0,0,0,1,36,3,1,1,5302,18,1
263,1,0,0,0,0,0,1,0,0,0,0,0,1,57,1,1,0,2748,12,1
264,0,1,0,0,1,0,0,0,0,0,0,0,1,32,1,1,0,1231,10,1
265,0,1,0,0,0,0,0,0,1,0,0,1,0,37,2,1,2,802,15,0
266,0,1,0,1,0,0,0,0,0,0,0,0,1,36,2,0,0,6304,36,1
267,0,1,0,0,0,0,0,0,1,0,0,0,1,38,2,1,0,1533,24,1
268,0,1,0,0,1,0,0,0,0,0,0,1,0,45,3,1,1,8978,14,0
269,0,1,0,0,0,0,0,0,1,0,0,0,1,25,2,0,0,999,24,1
270,0,1,0,0,1,0,0,0,0,0,0,0,1,32,2,0,0,2662,18,1
271,0,0,1,0,0,0,0,1,0,0,0,0,1,37,2,3,0,1402,12,1
272,1,0,0,0,1,0,0,0,0,0,0,0,1,36,3,0,2,12169,48,1
273,0,1,0,0,0,0,0,0,1,0,0,1,0,28,2,1,2,3060,48,0
274,0,1,0,0,0,0,0,0,0,1,0,1,0,34,1,1,1,11998,30,0
275,0,1,0,0,0,0,0,0,1,0,0,0,1,32,2,1,0,2697,9,1
276,0,1,0,0,0,0,0,0,1,0,0,0,1,26,2,1,0,2404,18,1
277,0,1,0,0,0,0,0,1,0,0,0,0,1,49,1,0,1,1262,12,1
278,0,1,0,0,0,0,0,1,0,0,0,1,0,32,2,1,0,4611,6,0
279,0,0,1,0,0,0,0,0,1,0,0,0,1,29,3,2,0,1901,24,1
280,0,0,1,0,1,0,0,0,0,0,0,0,1,23,2,4,0,3368,15,1
281,0,1,0,0,0,0,0,1,0,0,0,0,1,50,2,1,0,1574,12,1
282,0,1,0,0,0,0,0,0,1,0,0,0,1,49,1,0,4,1445,18,1
283,0,1,0,0,0,0,0,1,0,0,0,0,1,63,2,0,0,1520,15,1
284,0,1,0,0,1,0,0,0,0,0,0,0,1,37,2,2,2,3878,24,1
285,0,1,0,0,1,0,0,0,0,0,0,0,1,35,1,1,1,10722,47,1
286,0,1,0,0,1,0,0,0,0,0,0,0,1,26,2,1,1,4788,48,1
287,1,0,0,0,0,0,0,0,0,0,1,0,1,31,3,2,2,7582,48,1
288,0,1,0,0,0,0,0,0,1,0,0,0,1,49,2,1,2,1092,12,1
289,0,1,0,0,0,0,0,0,1,0,0,1,0,48,2,1,1,1024,24,0
290,0,1,0,1,0,0,0,0,0,0,0,0,1,26,2,1,0,1076,12,1
291,0,0,1,0,1,0,0,0,0,0,0,1,0,28,3,1,2,9398,36,0
292,1,0,0,0,1,0,0,0,0,0,0,0,1,44,3,1,1,6419,24,1
293,1,0,0,0,1,0,0,0,0,0,0,0,1,56,2,1,4,4796,42,1
294,0,1,0,1,0,0,0,0,0,0,0,0,1,46,3,0,0,7629,48,1
295,0,1,0,0,0,0,0,1,0,0,0,1,0,26,2,1,2,9960,48,0
296,0,0,1,0,1,0,0,0,0,0,0,0,1,20,2,0,0,4675,12,1
297,0,1,0,0,1,0,0,0,0,0,0,0,1,45,1,0,0,1287,10,1
298,0,1,0,0,0,0,0,1,0,0,0,0,1,43,2,1,0,2515,18,1
299,0,1,0,0,0,0,0,1,0,0,0,0,1,32,2,4,2,2745,21,1
300,0,1,0,0,1,0,0,0,0,0,0,0,1,54,0,1,0,672,6,1
301,0,1,0,0,0,0,0,0,1,0,0,1,0,42,2,1,2,3804,36,0
302,0,1,0,0,1,0,0,0,0,0,0,1,0,37,1,0,4,1344,24,0
303,0,1,0,0,1,0,0,0,0,0,0,0,1,49,2,1,1,1038,10,1
304,1,0,0,0,1,0,0,0,0,0,0,1,0,44,2,3,0,10127,48,0
305,0,1,0,0,0,0,0,1,0,0,0,0,1,33,2,4,0,1543,6,1
306,0,0,1,0,1,0,0,0,0,0,0,0,1,24,1,0,0,4811,30,1
307,0,1,0,0,0,0,0,0,1,0,0,1,0,33,1,2,1,727,12,0
308,0,1,0,0,0,0,0,1,0,0,0,1,0,24,2,1,2,1237,8,0
309,0,0,1,0,1,0,0,0,0,0,0,0,1,22,1,1,2,276,9,1
310,1,0,0,0,0,0,0,0,0,0,1,0,1,40,0,0,2,5381,48,1
311,0,1,0,0,0,0,0,1,0,0,0,0,1,25,2,2,0,5511,24,1
312,0,1,0,0,0,0,0,1,0,0,0,0,1,26,2,1,4,3749,24,1
313,0,1,0,0,1,0,0,0,0,0,0,1,0,25,1,1,2,685,12,0
314,0,1,0,0,1,0,0,0,0,0,0,0,1,29,1,0,4,1494,4,1
315,0,1,0,0,0,0,0,1,0,0,0,1,0,31,2,1,1,2746,36,0
316,0,1,0,0,0,0,0,1,0,0,0,0,1,38,1,1,1,708,12,1
317,0,1,0,0,0,0,0,1,0,0,0,0,1,48,1,0,2,4351,24,1
318,0,1,0,0,0,0,1,0,0,0,0,0,1,32,2,1,0,701,12,1
319,0,1,0,0,0,0,0,1,0,0,0,0,1,27,1,1,1,3643,15,1
320,0,1,0,0,1,0,0,0,0,0,0,1,0,28,3,1,2,4249,30,0
321,0,1,0,0,0,0,0,0,1,0,0,1,0,32,2,1,1,1938,24,0
322,1,0,0,0,1,0,0,0,0,0,0,0,1,34,3,1,1,2910,24,1
323,0,1,0,0,0,0,0,1,0,0,0,0,1,28,2,4,1,2659,18,1
324,0,1,0,0,1,0,0,0,0,0,0,0,1,36,2,1,0,1028,18,1
325,0,1,0,0,1,0,0,0,0,0,0,0,1,39,1,1,1,3398,8,1
326,0,0,1,0,0,0,0,1,0,0,0,0,1,49,2,0,0,5801,12,1
327,0,1,0,0,1,0,0,0,0,0,0,0,1,34,2,4,0,1525,24,1
328,0,1,0,0,0,0,0,0,1,0,0,0,1,31,2,1,4,4473,36,1
329,0,1,0,0,0,0,0,0,1,0,0,0,1,28,2,1,2,1068,6,1
330,1,0,0,0,1,0,0,0,0,0,0,0,1,75,3,1,1,6615,24,1
331,0,1,0,0,0,0,1,0,0,0,0,1,0,30,2,2,0,1864,18,0
332,0,1,0,0,1,0,0,0,0,0,0,1,0,24,3,2,2,7408,60,0
333,0,0,1,0,1,0,0,0,0,0,0,1,0,24,1,2,0,11590,48,0
334,0,0,1,0,0,0,0,1,0,0,0,1,0,23,2,1,1,4110,24,0
335,0,0,1,0,0,0,0,1,0,0,0,1,0,44,3,1,1,3384,6,0
336,0,1,0,0,0,0,0,0,1,0,0,0,1,23,1,1,2,2101,13,1
337,0,0,1,0,0,1,0,0,0,0,0,1,0,24,2,0,1,1275,15,0
338,0,1,0,0,0,0,0,1,0,0,0,0,1,28,2,1,1,4169,24,1
339,0,1,0,0,0,0,0,1,0,0,0,0,1,31,1,1,2,1521,10,1
340,1,0,0,0,0,0,1,0,0,0,0,0,1,24,2,1,2,5743,24,1
341,0,0,1,0,0,0,0,1,0,0,0,0,1,26,1,1,1,3599,21,1
342,0,0,1,0,0,0,0,0,1,0,0,0,1,25,2,3,2,3213,18,1
343,0,1,0,1,0,0,0,0,0,0,0,0,1,33,3,1,2,4439,18,1
344,0,1,0,0,1,0,0,0,0,0,0,0,1,37,1,1,4,3949,10,1
345,0,1,0,0,0,0,0,0,1,0,0,0,1,43,1,1,0,1459,15,1
346,0,1,0,0,0,0,0,0,1,0,0,0,1,23,2,1,2,882,13,1
347,0,0,1,0,0,0,0,0,1,0,0,0,1,23,0,3,2,3758,24,1
348,0,1,0,1,0,0,0,0,0,0,0,0,1,34,1,2,0,1743,6,1
349,1,0,0,0,0,0,1,0,0,0,0,1,0,32,2,4,2,1136,9,0
350,0,0,1,0,0,1,0,0,0,0,0,0,1,23,2,1,0,1236,9,1
351,0,1,0,0,0,0,0,1,0,0,0,1,0,29,2,1,2,959,9,0
352,0,1,0,0,1,0,0,0,0,0,0,0,1,38,3,0,0,3229,18,1
353,0,0,1,0,0,0,0,0,1,0,0,1,0,28,2,1,1,6199,12,0
354,1,0,0,0,0,0,1,0,0,0,0,0,1,46,2,3,0,727,10,1
355,0,1,0,0,1,0,0,0,0,0,0,1,0,23,1,1,2,1246,24,0
356,0,1,0,0,0,0,0,0,1,0,0,0,1,49,2,0,0,2331,12,1
357,0,1,0,0,0,0,0,0,1,0,0,1,0,26,3,1,0,4463,36,0
358,0,1,0,0,0,0,0,0,1,0,0,0,1,28,2,1,0,776,12,1
359,0,0,1,0,0,0,0,1,0,0,0,1,0,23,2,1,1,2406,30,0
360,1,0,0,0,0,0,1,0,0,0,0,0,1,61,2,0,2,1239,18,1
361,0,1,0,0,0,0,0,0,1,0,0,0,1,37,3,0,4,3399,12,1
362,0,1,0,0,1,0,0,0,0,0,0,0,1,36,2,1,4,2247,12,1
363,0,0,1,0,0,0,0,1,0,0,0,0,1,21,2,1,0,1766,6,1
364,0,1,0,0,0,0,0,1,0,0,0,1,0,25,0,1,1,2473,18,0
365,0,1,0,1,0,0,0,0,0,0,0,0,1,36,2,1,0,1542,12,1
366,0,1,0,0,1,0,0,0,0,0,0,0,1,27,2,1,0,3850,18,1
367,0,0,1,0,0,0,0,1,0,0,0,0,1,22,2,1,1,3650,18,1
368,0,1,0,0,0,0,0,1,0,0,0,1,0,42,2,1,1,3446,36,0
369,0,0,1,0,0,0,0,1,0,0,0,0,1,40,2,1,2,3001,18,1
370,0,1,0,0,1,0,0,0,0,0,0,0,1,36,2,0,0,3079,36,1
371,0,1,0,0,0,0,0,0,1,0,0,0,1,33,2,1,0,6070,18,1
372,0,0,1,0,0,0,0,1,0,0,0,0,1,23,2,1,0,2146,10,1
373,1,0,0,0,1,0,0,0,0,0,0,0,1,63,3,0,0,13756,60,1
374,1,0,0,0,0,0,0,0,0,0,1,1,0,60,3,2,2,14782,60,0
375,0,0,1,1,0,0,0,0,0,0,0,1,0,37,2,1,1,7685,48,0
376,0,1,0,0,0,0,0,0,1,0,0,0,1,34,2,1,0,2320,18,1
377,1,0,0,0,0,0,0,0,1,0,0,0,1,36,2,0,0,846,7,1
378,1,0,0,0,1,0,0,0,0,0,0,1,0,57,3,1,2,14318,36,0
379,0,1,0,0,1,0,0,0,0,0,0,0,1,52,1,2,0,362,6,1
380,0,1,0,0,0,0,0,1,0,0,0,0,1,39,2,0,1,2212,20,1
381,1,0,0,0,1,0,0,0,0,0,0,1,0,38,3,1,2,12976,18,0
382,0,0,1,0,1,0,0,0,0,0,0,0,1,25,2,0,0,1283,22,1
383,0,1,0,0,1,0,0,0,0,0,0,0,1,26,2,1,4,1330,12,1
384,0,1,0,1,0,0,0,0,0,0,0,0,1,26,1,2,0,4272,30,1
385,0,1,0,0,0,0,0,0,1,0,0,0,1,25,2,1,0,2238,18,1
386,0,0,1,0,0,0,0,0,1,0,0,0,1,21,2,0,0,1126,18,1
387,0,1,0,0,0,0,0,1,0,0,0,0,1,40,3,1,2,7374,18,1
388,0,1,0,1,0,0,0,0,0,0,0,0,1,27,2,3,2,2326,15,1
389,0,1,0,1,0,0,0,0,0,0,0,0,1,27,2,1,0,1449,9,1
390,0,1,0,0,1,0,0,0,0,0,0,0,1,30,3,1,0,1820,18,1
391,0,0,1,0,0,0,0,1,0,0,0,0,1,19,1,4,2,983,12,1
392,1,0,0,0,1,0,0,0,0,0,0,0,1,39,3,1,1,3249,36,1
393,0,1,0,0,0,0,0,0,1,0,0,0,1,31,2,1,1,1957,6,1
394,0,1,0,0,0,0,0,1,0,0,0,0,1,31,3,1,0,2406,9,1
395,0,0,1,0,0,0,1,0,0,0,0,0,1,32,2,2,2,11760,39,1
396,1,0,0,0,0,0,0,1,0,0,0,0,1,55,3,1,1,2578,12,1
397,0,1,0,0,0,0,0,1,0,0,0,0,1,46,2,1,1,2348,36,1
398,0,0,1,0,1,0,0,0,0,0,0,1,0,46,2,1,2,1223,12,0
399,0,1,0,0,0,0,0,0,1,0,0,0,1,43,1,4,0,1516,24,1
400,0,1,0,0,0,0,0,0,1,0,0,0,1,39,2,1,0,1473,18,1
401,0,1,0,1,0,0,0,0,0,0,0,0,1,28,2,0,2,1887,18,1
402,0,1,0,1,0,0,0,0,0,0,0,1,0,27,2,1,0,8648,24,0
403,0,1,0,0,1,0,0,0,0,0,0,0,1,27,1,1,0,802,14,1
404,0,1,0,0,1,0,0,0,0,0,0,0,1,43,2,0,2,2899,18,1
405,0,1,0,0,0,0,0,0,1,0,0,1,0,22,2,1,2,2039,24,0
406,0,1,0,0,1,0,0,0,0,0,0,0,1,43,2,0,0,2197,24,1
407,0,1,0,0,0,0,0,0,1,0,0,0,1,27,2,1,1,1053,15,1
408,0,1,0,0,0,0,0,0,1,0,0,0,1,26,3,3,0,3235,24,1
409,0,1,0,0,1,0,0,0,0,0,0,1,0,28,2,3,4,939,12,0
410,0,1,0,0,0,0,0,0,1,0,0,0,1,20,2,1,2,1967,24,1
411,0,1,0,0,1,0,0,0,0,0,0,0,1,35,3,1,0,7253,33,1
412,0,1,0,1,0,0,0,0,0,0,0,1,0,42,3,1,0,2292,12,0
413,0,0,1,0,1,0,0,0,0,0,0,0,1,40,1,3,0,1597,10,1
414,0,1,0,0,1,0,0,0,0,0,0,1,0,35,2,0,1,1381,24,0
415,0,1,0,0,1,0,0,0,0,0,0,0,1,35,2,1,0,5842,36,1
416,0,1,0,0,1,0,0,0,0,0,0,1,0,33,1,1,1,2579,12,0
417,0,0,1,0,0,0,1,0,0,0,0,0,1,23,2,0,1,8471,18,1
418,0,1,0,0,1,0,0,0,0,0,0,0,1,31,3,3,0,2782,21,1
419,0,1,0,0,1,0,0,0,0,0,0,1,0,33,2,0,2,1042,18,0
420,0,0,1,0,1,0,0,0,0,0,0,0,1,20,2,4,0,3186,15,1
421,0,1,0,0,1,0,0,0,0,0,0,0,1,30,2,0,2,2028,12,1
422,0,1,0,0,1,0,0,0,0,0,0,0,1,47,1,1,2,958,12,1
423,0,1,0,0,0,0,0,1,0,0,0,0,1,34,3,2,0,1591,21,1
424,0,1,0,0,0,0,0,1,0,0,0,1,0,25,2,0,2,2762,12,0
425,0,0,1,0,1,0,0,0,0,0,0,0,1,21,2,1,2,2779,18,1
426,0,1,0,0,0,0,0,0,1,0,0,0,1,29,2,1,0,2743,28,1
427,0,1,0,0,0,0,0,0,1,0,0,0,1,46,2,4,0,1149,18,1
428,0,1,0,0,0,0,0,1,0,0,0,0,1,20,2,1,0,1313,9,1
429,1,0,0,0,0,0,0,0,0,1,0,1,0,55,0,1,1,1190,18,0
430,0,1,0,1,0,0,0,0,0,0,0,0,1,74,1,1,0,3448,5,1
431,0,1,0,0,0,0,0,0,0,0,1,1,0,29,3,1,2,11328,24,0
432,1,0,0,0,0,0,0,1,0,0,0,0,1,36,3,1,1,1872,6,1
433,0,1,0,0,0,0,0,0,0,1,0,0,1,33,2,1,0,2058,24,1
434,0,1,0,0,0,0,0,1,0,0,0,0,1,25,2,1,1,2136,9,1
435,0,1,0,0,0,0,0,0,1,0,0,1,0,25,2,0,2,1484,12,0
436,0,0,1,0,0,0,0,0,0,1,0,0,1,23,1,3,0,660,6,1
437,0,1,0,0,1,0,0,0,0,0,0,0,1,37,2,4,0,1287,24,1
438,0,1,0,0,0,0,0,0,0,1,0,0,1,65,0,1,1,3394,42,1
439,0,1,0,1,0,0,0,0,0,0,0,1,0,26,0,1,4,609,12,0
440,0,1,0,0,1,0,0,0,0,0,0,0,1,39,3,1,0,1884,12,1
441,0,1,0,0,0,0,0,1,0,0,0,0,1,30,2,1,1,1620,12,1
442,0,1,0,0,0,0,0,0,0,0,1,0,1,29,2,1,2,2629,20,1
443,0,1,0,0,0,0,1,0,0,0,0,1,0,41,1,1,0,719,12,0
444,0,1,0,0,0,0,0,1,0,0,0,1,0,30,3,1,2,5096,48,0
445,0,0,1,0,0,0,1,0,0,0,0,0,1,41,1,0,0,1244,9,1
446,0,1,0,0,1,0,0,0,0,0,0,1,0,34,2,1,1,1842,36,0
447,0,1,0,0,0,0,0,0,1,0,0,0,1,35,2,1,2,2576,7,1
448,0,1,0,0,0,0,0,1,0,0,0,0,1,55,3,0,4,1424,12,1
449,0,1,0,0,0,0,0,0,0,1,0,1,0,61,2,4,2,1512,15,0
450,0,1,0,0,1,0,0,0,0,0,0,0,1,30,3,0,0,11054,36,1
451,0,1,0,0,0,0,0,0,1,0,0,0,1,29,2,1,0,518,6,1
452,0,1,0,0,0,0,0,1,0,0,0,0,1,34,2,1,0,2759,12,1
453,0,1,0,0,1,0,0,0,0,0,0,0,1,35,3,1,0,2670,24,1
454,0,1,0,0,1,0,0,0,0,0,0,1,0,31,2,1,1,4817,24,0
455,0,1,0,0,1,0,0,0,0,0,0,0,1,29,3,1,0,2679,24,1
456,0,0,1,0,1,0,0,0,0,0,0,0,1,36,2,1,1,3905,11,1
457,1,0,0,0,1,0,0,0,0,0,0,1,0,35,2,1,1,3386,12,0
458,0,1,0,0,0,1,0,0,0,0,0,0,1,27,2,1,1,343,6,1
459,0,1,0,0,0,0,0,0,1,0,0,0,1,32,2,1,0,4594,18,1
460,0,1,0,0,0,0,0,1,0,0,0,0,1,37,2,1,1,3620,36,1
461,0,1,0,0,1,0,0,0,0,0,0,0,1,36,2,1,1,1721,15,1
462,0,0,1,0,0,0,0,1,0,0,0,0,1,34,3,1,2,3017,12,1
463,0,1,0,0,0,0,1,0,0,0,0,0,1,38,2,0,2,754,12,1
464,0,1,0,1,0,0,0,0,0,0,0,0,1,34,2,1,0,1950,18,1
465,0,1,0,0,1,0,0,0,0,0,0,0,1,63,2,1,1,2924,24,1
466,0,0,1,0,0,0,0,0,1,0,0,1,0,29,1,1,1,1659,24,0
467,0,1,0,0,0,0,0,0,1,0,0,0,1,32,2,0,0,7238,48,1
468,0,1,0,1,0,0,0,0,0,0,0,0,1,26,2,1,0,2764,33,1
469,0,1,0,0,1,0,0,0,0,0,0,0,1,35,1,1,0,4679,24,1
470,0,0,1,0,0,0,0,0,1,0,0,1,0,22,2,2,2,3092,24,0
471,0,1,0,0,0,0,1,0,0,0,0,1,0,23,2,1,1,448,6,0
472,0,1,0,0,1,0,0,0,0,0,0,1,0,28,1,1,1,654,9,0
473,0,1,0,0,0,0,1,0,0,0,0,0,1,36,3,0,0,1238,6,1
474,0,1,0,0,0,0,0,0,1,0,0,1,0,33,2,1,2,1245,18,0
475,0,0,1,0,0,0,0,1,0,0,0,1,0,26,2,1,1,3114,18,0
476,0,1,0,0,1,0,0,0,0,0,0,0,1,24,2,3,0,2569,39,1
477,0,1,0,0,0,0,0,0,1,0,0,0,1,25,2,1,4,5152,24,1
478,0,1,0,1,0,0,0,0,0,0,0,0,1,39,1,2,2,1037,12,1
479,0,1,0,0,0,0,0,1,0,0,0,0,1,44,2,1,1,1478,15,1
480,0,1,0,0,0,0,0,0,1,0,0,0,1,23,1,1,2,3573,12,1
481,0,1,0,0,1,0,0,0,0,0,0,0,1,26,2,1,2,1201,24,1
482,0,0,1,0,0,0,0,1,0,0,0,0,1,57,2,4,1,3622,30,1
483,0,1,0,0,0,0,0,1,0,0,0,0,1,30,2,4,0,960,15,1
484,0,1,0,0,1,0,0,0,0,0,0,0,1,44,2,3,0,1163,12,1
485,0,1,0,0,1,0,0,0,0,0,0,1,0,47,3,1,2,1209,6,0
486,0,1,0,0,0,0,0,0,1,0,0,0,1,52,2,1,0,3077,12,1
487,1,0,0,0,1,0,0,0,0,0,0,0,1,62,2,1,0,3757,24,1
488,0,0,1,0,1,0,0,0,0,0,0,0,1,35,1,2,0,1418,10,1
489,0,0,1,0,1,0,0,0,0,0,0,0,1,26,2,1,0,3518,6,1
490,0,1,0,0,0,0,0,0,1,0,0,0,1,26,2,1,0,1934,12,1
491,1,0,0,1,0,0,0,0,0,0,0,1,0,42,3,1,2,8318,27,0
492,0,1,0,0,0,0,0,0,1,0,0,0,1,27,2,2,0,1237,6,1
493,0,1,0,0,0,0,0,0,1,0,0,0,1,38,2,0,2,368,6,1
494,0,0,1,0,1,0,0,0,0,0,0,0,1,39,1,1,1,2122,12,1
495,0,1,0,0,0,0,0,1,0,0,0,1,0,20,2,0,1,2996,24,0
496,0,0,1,0,0,0,0,1,0,0,0,1,0,29,3,2,2,9034,36,0
497,0,1,0,0,0,0,0,1,0,0,0,0,1,40,2,1,0,1585,24,1
498,0,1,0,0,0,0,0,0,1,0,0,0,1,32,1,1,2,1301,18,1
499,0,1,0,0,1,0,0,0,0,0,0,0,1,28,2,2,4,1323,6,1
500,0,1,0,0,1,0,0,0,0,0,0,1,0,27,2,1,1,3123,24,0
501,1,0,0,0,1,0,0,0,0,0,0,0,1,42,2,1,1,5493,36,1
502,0,1,0,0,0,0,0,0,1,0,0,0,1,49,2,2,4,1126,9,1
503,0,1,0,0,0,0,0,0,1,0,0,1,0,38,2,2,2,1216,24,0
504,0,0,1,0,1,0,0,0,0,0,0,1,0,24,2,1,1,1207,24,0
505,0,1,0,0,1,0,0,0,0,0,0,1,0,27,1,0,0,1309,10,0
506,0,1,0,0,1,0,0,0,0,0,0,0,1,36,2,3,4,2360,15,1
507,0,1,0,0,1,0,0,0,0,0,0,1,0,34,3,2,2,6850,15,0
508,0,1,0,0,0,0,0,0,1,0,0,0,1,28,2,1,0,1413,24,1
509,0,1,0,0,1,0,0,0,0,0,0,0,1,45,3,2,0,8588,39,1
510,0,1,0,0,1,0,0,0,0,0,0,1,0,26,2,1,1,759,12,0
511,1,0,0,0,1,0,0,0,0,0,0,0,1,32,3,1,0,4686,36,1
512,0,0,1,1,0,0,0,0,0,0,0,0,1,26,2,1,4,2687,15,1
513,0,0,1,0,0,0,0,0,1,0,0,0,1,20,2,1,2,585,12,1
514,0,1,0,0,1,0,0,0,0,0,0,0,1,54,2,0,0,2255,24,1
515,0,1,0,0,1,0,0,0,0,0,0,0,1,37,2,1,1,609,6,1
516,0,1,0,0,1,0,0,0,0,0,0,0,1,40,1,1,1,1361,6,1
517,0,0,1,0,0,0,0,1,0,0,0,1,0,23,2,1,0,7127,36,0
518,0,1,0,0,1,0,0,0,0,0,0,0,1,43,2,2,1,1203,6,1
519,1,0,0,0,0,0,0,0,1,0,0,0,1,36,2,0,0,700,6,1
520,1,0,0,0,0,0,0,0,0,1,0,0,1,44,2,1,0,5507,24,1
521,0,1,0,0,0,0,0,0,1,0,0,1,0,24,2,1,1,3190,18,0
522,1,0,0,0,0,0,0,1,0,0,0,1,0,53,2,1,1,7119,48,0
523,0,1,0,0,1,0,0,0,0,0,0,0,1,23,2,2,0,3488,24,1
524,0,1,0,0,0,0,0,0,1,0,0,0,1,26,1,1,2,1113,18,1
525,0,1,0,0,1,0,0,0,0,0,0,0,1,30,2,1,2,7966,26,1
526,0,1,0,0,0,0,1,0,0,0,0,0,1,31,2,2,0,1532,15,1
527,0,1,0,0,0,0,0,0,1,0,0,0,1,42,1,1,0,1503,4,1
528,0,0,1,0,0,0,0,0,1,0,0,1,0,31,2,1,1,2302,36,0
529,0,1,0,0,1,0,0,0,0,0,0,0,1,41,1,1,1,662,6,1
530,0,1,0,0,0,0,1,0,0,0,0,0,1,32,2,1,2,2273,36,1
531,0,0,1,0,1,0,0,0,0,0,0,1,0,28,2,2,2,2631,15,0
532,0,0,1,0,1,0,0,0,0,0,0,0,1,41,2,1,0,1503,12,1
533,0,1,0,0,0,0,0,0,1,0,0,0,1,26,2,2,0,1311,24,1
534,0,1,0,0,0,0,0,0,1,0,0,0,1,25,2,0,0,3105,24,1
535,0,0,1,0,0,0,1,0,0,0,0,1,0,33,2,1,4,2319,21,0
536,0,1,0,0,1,0,0,0,0,0,0,0,1,75,3,0,1,1374,6,1
537,0,1,0,0,0,0,0,1,0,0,0,0,1,37,2,1,2,3612,18,1
538,1,0,0,0,1,0,0,0,0,0,0,1,0,42,3,1,1,7763,48,0
539,0,1,0,0,0,0,0,1,0,0,0,0,1,45,1,1,4,3049,18,1
540,0,0,1,0,0,0,0,0,1,0,0,1,0,23,2,1,2,1534,12,0
541,1,0,0,0,1,0,0,0,0,0,0,0,1,60,2,1,0,2032,24,1
542,0,1,0,0,0,0,0,1,0,0,0,1,0,31,2,0,1,6350,30,0
543,0,1,0,0,0,0,0,1,0,0,0,1,0,34,1,1,4,2864,18,0
544,0,1,0,0,1,0,0,0,0,0,0,0,1,61,1,1,0,1255,12,1
545,1,0,0,0,1,0,0,0,0,0,0,1,0,43,2,1,1,1333,24,0
546,0,1,0,0,1,0,0,0,0,0,0,0,1,37,2,1,0,2022,24,1
547,0,1,0,0,0,0,0,0,1,0,0,0,1,32,2,1,0,1552,24,1
548,0,1,0,0,0,0,0,0,1,0,0,1,0,24,1,1,1,626,12,0
549,1,0,0,0,1,0,0,0,0,0,0,0,1,35,2,0,0,8858,48,1
550,0,1,0,0,0,0,0,0,0,1,0,0,1,23,2,0,0,996,12,1
551,0,1,0,0,0,0,0,0,1,0,0,0,1,45,1,3,0,1750,6,1
552,0,1,0,0,0,0,0,0,1,0,0,1,0,34,2,1,1,6999,48,0
553,0,1,0,0,1,0,0,0,0,0,0,0,1,27,2,2,2,1995,12,1
554,0,1,0,0,0,0,1,0,0,0,0,0,1,67,3,1,2,1199,9,1
555,0,1,0,0,0,0,0,0,1,0,0,1,0,22,2,1,2,1331,12,0
556,0,1,0,0,1,0,0,0,0,0,0,1,0,28,2,2,2,2278,18,0
557,0,1,0,0,1,0,0,0,0,0,0,1,0,29,2,0,0,5003,21,0
558,0,1,0,0,0,0,0,1,0,0,0,1,0,27,2,1,1,3552,24,0
559,0,1,0,0,0,0,0,1,0,0,0,1,0,31,1,1,2,1928,18,0
560,1,0,0,0,1,0,0,0,0,0,0,0,1,49,2,0,1,2964,24,1
561,0,0,1,0,0,0,0,0,1,0,0,1,0,24,1,1,1,1546,24,0
562,0,1,0,0,0,0,0,0,1,0,0,0,1,29,2,1,4,683,6,1
563,1,0,0,0,1,0,0,0,0,0,0,1,0,37,2,0,2,12389,36,0
564,0,1,0,1,0,0,0,0,0,0,0,0,1,37,3,0,2,4712,24,1
565,0,0,1,0,0,0,0,0,1,0,0,0,1,23,2,2,2,1553,24,1
566,0,1,0,0,1,0,0,0,0,0,0,1,0,36,2,1,1,1372,12,0
567,0,1,0,0,0,0,0,0,1,0,0,0,1,34,2,4,0,2578,24,1
568,0,1,0,0,0,0,0,0,1,0,0,0,1,41,2,0,2,3979,48,1
569,0,1,0,0,0,0,0,0,1,0,0,1,0,31,2,1,1,6758,48,0
570,0,0,1,0,0,0,0,1,0,0,0,1,0,23,1,1,1,3234,24,0
571,0,1,0,0,0,0,0,0,1,0,0,0,1,38,2,1,0,5954,30,1
572,0,0,1,0,1,0,0,0,0,0,0,0,1,26,3,0,0,5433,24,1
573,0,1,0,1,0,0,0,0,0,0,0,0,1,22,1,1,1,806,15,1
574,0,1,0,0,0,0,0,0,1,0,0,0,1,27,1,1,2,1082,9,1
575,0,1,0,0,0,0,0,1,0,0,0,0,1,24,2,1,0,2788,15,1
576,0,1,0,0,0,0,0,0,1,0,0,0,1,27,2,1,2,2930,12,1
577,0,1,0,0,0,0,1,0,0,0,0,0,1,33,2,0,0,1927,24,1
578,0,1,0,0,1,0,0,0,0,0,0,1,0,27,2,1,2,2820,36,0
579,0,1,0,0,0,0,1,0,0,0,0,0,1,27,1,1,0,937,24,1
580,0,1,0,0,1,0,0,0,0,0,0,1,0,30,2,1,2,1056,18,0
581,0,1,0,0,1,0,0,0,0,0,0,0,1,49,1,1,2,3124,12,1
582,0,0,1,0,0,0,0,1,0,0,0,0,1,26,2,1,0,1388,9,1
583,0,0,1,0,0,0,0,0,0,1,0,1,0,33,1,1,2,2384,36,0
584,1,0,0,0,1,0,0,0,0,0,0,0,1,52,3,0,0,2133,12,1
585,0,0,1,0,0,0,0,1,0,0,0,1,0,20,2,1,1,2039,18,0
586,0,0,1,0,1,0,0,0,0,0,0,0,1,36,2,1,1,2799,9,1
587,0,1,0,0,0,0,0,1,0,0,0,0,1,21,1,1,1,1289,12,1
588,0,1,0,0,0,1,0,0,0,0,0,1,0,47,1,1,1,1217,18,0
589,0,1,0,0,0,0,0,1,0,0,0,1,0,60,2,1,1,2246,12,0
590,0,1,0,0,0,0,0,0,1,0,0,0,1,58,1,1,1,385,12,1
591,0,0,1,0,1,0,0,0,0,0,0,0,1,42,2,0,2,1965,24,1
592,0,1,0,1,0,0,0,0,0,0,0,0,1,36,1,4,0,1572,21,1
593,0,0,1,0,1,0,0,0,0,0,0,1,0,20,1,1,2,2718,24,0
594,0,1,0,0,0,0,0,0,0,0,1,1,0,40,3,0,1,1358,24,0
595,0,1,0,0,1,0,0,0,0,0,0,1,0,32,1,2,2,931,6,0
596,0,0,1,0,1,0,0,0,0,0,0,1,0,23,2,1,1,1442,24,0
597,0,1,0,1,0,0,0,0,0,0,0,1,0,36,1,1,2,4241,24,0
598,0,1,0,0,1,0,0,0,0,0,0,1,0,31,2,1,0,2775,18,0
599,1,0,0,1,0,0,0,0,0,0,0,0,1,32,2,1,0,3863,24,1
600,0,1,0,0,0,0,0,0,1,0,0,0,1,45,2,1,2,2329,7,1
601,0,1,0,0,0,0,0,1,0,0,0,1,0,30,2,1,2,918,9,0
602,1,0,0,0,0,0,1,0,0,0,0,1,0,34,1,1,2,1837,24,0
603,0,1,0,0,0,0,0,1,0,0,0,1,0,28,3,1,0,3349,36,0
604,0,1,0,0,0,0,0,1,0,0,0,0,1,23,2,1,4,1275,10,1
605,0,1,0,0,0,0,0,1,0,0,0,0,1,22,2,3,1,2828,24,1
606,0,1,0,1,0,0,0,0,0,0,0,0,1,74,3,1,0,4526,24,1
607,1,0,0,0,0,0,0,0,1,0,0,1,0,50,2,2,2,2671,36,0
608,0,1,0,0,0,0,0,0,1,0,0,0,1,33,2,1,0,2051,18,1
609,1,0,0,0,1,0,0,0,0,0,0,0,1,45,2,0,0,1300,15,1
610,0,1,0,0,0,1,0,0,0,0,0,1,0,22,2,2,1,741,12,0
611,1,0,0,0,1,0,0,0,0,0,0,1,0,48,1,2,4,1240,10,0
612,0,1,0,0,0,0,0,0,1,0,0,0,1,29,2,4,1,3357,21,1
613,0,0,1,0,1,0,0,0,0,0,0,0,1,22,2,1,1,3632,24,1
614,0,1,0,0,0,0,0,1,0,0,0,1,0,22,2,1,0,1808,18,0
615,0,1,0,1,0,0,0,0,0,0,0,0,1,48,3,0,2,12204,48,1
616,1,0,0,0,0,0,0,0,1,0,0,0,1,27,3,0,2,9157,60,1
617,0,0,1,0,1,0,0,0,0,0,0,0,1,37,2,1,1,3676,6,1
618,0,0,1,0,0,0,0,1,0,0,0,1,0,21,2,2,2,3441,30,0
619,0,1,0,0,1,0,0,0,0,0,0,0,1,49,1,1,0,640,12,1
620,0,1,0,1,0,0,0,0,0,0,0,0,1,27,2,1,2,3652,21,1
621,0,1,0,0,1,0,0,0,0,0,0,1,0,32,2,1,0,1530,18,0
622,0,1,0,1,0,0,0,0,0,0,0,1,0,38,2,0,0,3914,48,0
623,0,0,1,0,0,0,0,1,0,0,0,0,1,22,2,1,1,1858,12,1
624,1,0,0,0,0,0,0,0,1,0,0,1,0,65,2,1,1,2600,18,0
625,0,1,0,0,0,0,0,0,1,0,0,0,1,35,2,0,0,1979,15,1
626,0,1,0,0,0,0,0,1,0,0,0,0,1,41,2,1,4,2116,6,1
627,0,1,0,0,1,0,0,0,0,0,0,1,0,29,2,2,2,1437,9,0
628,0,1,0,0,0,0,0,1,0,0,0,0,1,36,2,3,0,4042,42,1
629,0,1,0,0,0,0,1,0,0,0,0,0,1,64,1,0,0,3832,9,1
630,0,1,0,0,0,0,0,0,1,0,0,0,1,28,2,1,1,3660,24,1
631,0,1,0,0,0,0,0,1,0,0,0,1,0,44,2,1,1,1553,18,0
632,0,1,0,0,0,0,0,0,1,0,0,0,1,23,2,0,2,1444,15,1
633,0,0,1,0,0,0,0,1,0,0,0,1,0,19,2,1,0,1980,9,0
634,0,1,0,0,1,0,0,0,0,0,0,1,0,25,1,1,2,1355,24,0
635,0,1,0,0,0,0,1,0,0,0,0,0,1,47,2,1,0,1393,12,1
636,0,1,0,0,0,0,0,0,1,0,0,0,1,28,2,3,0,1376,24,1
637,0,1,0,0,0,0,0,0,1,0,0,0,1,21,2,1,0,15653,60,1
638,0,1,0,0,0,0,0,0,1,0,0,0,1,34,2,1,0,1493,12,1
639,0,1,0,0,0,0,0,0,1,0,0,1,0,26,2,1,1,4370,42,0
640,0,1,0,0,0,0,1,0,0,0,0,1,0,27,0,1,1,750,18,0
641,0,1,0,0,0,0,0,0,0,1,0,0,1,38,1,1,2,1308,15,1
642,0,1,0,0,0,0,1,0,0,0,0,1,0,40,3,2,0,4623,15,0
643,0,1,0,0,0,0,0,0,1,0,0,0,1,33,2,1,0,1851,24,1
644,0,1,0,0,0,0,0,0,1,0,0,0,1,32,3,1,1,1880,18,1
645,0,0,1,1,0,0,0,0,0,0,0,1,0,27,2,0,0,7980,36,0
646,0,1,0,0,0,0,0,1,0,0,0,0,1,32,2,1,1,4583,30,1
647,0,1,0,0,1,0,0,0,0,0,0,1,0,26,2,3,0,1386,12,0
648,1,0,0,0,1,0,0,0,0,0,0,1,0,38,2,1,4,947,24,0
649,0,0,1,0,0,0,1,0,0,0,0,1,0,40,1,1,1,684,12,0
650,1,0,0,0,0,0,1,0,0,0,0,0,1,50,3,1,1,7476,48,1
651,0,1,0,0,0,0,0,1,0,0,0,1,0,37,1,1,2,1922,12,0
652,0,1,0,0,1,0,0,0,0,0,0,1,0,45,2,1,1,2303,24,0
653,0,1,0,0,1,0,0,0,0,0,0,1,0,42,3,2,2,8086,36,0
654,0,1,0,0,1,0,0,0,0,0,0,0,1,35,2,1,0,2346,24,1
655,1,0,0,0,1,0,0,0,0,0,0,0,1,22,2,1,1,3973,14,1
656,0,1,0,0,1,0,0,0,0,0,0,1,0,41,1,1,2,888,12,0
657,0,1,0,0,0,0,0,0,1,0,0,0,1,37,2,0,0,10222,48,1
658,0,1,0,1,0,0,0,0,0,0,0,0,1,28,2,1,2,4221,30,1
659,0,1,0,0,0,0,0,1,0,0,0,0,1,41,2,1,2,6361,18,1
660,0,0,1,0,0,0,0,0,1,0,0,0,1,23,2,1,4,1297,12,1
661,0,1,0,0,1,0,0,0,0,0,0,1,0,23,2,0,1,900,12,0
662,0,1,0,0,0,0,0,1,0,0,0,0,1,50,2,1,0,2241,21,1
663,0,1,0,0,0,0,0,1,0,0,0,0,1,35,3,1,2,1050,6,1
664,0,1,0,0,0,0,1,0,0,0,0,0,1,50,1,1,4,1047,6,1
665,0,1,0,0,0,0,0,0,0,0,1,0,1,27,3,1,0,6314,24,1
666,0,1,0,0,0,0,0,1,0,0,0,0,1,34,2,4,2,3496,30,1
667,0,1,0,1,0,0,0,0,0,0,0,0,1,27,2,1,0,3609,48,1
668,0,0,1,0,1,0,0,0,0,0,0,1,0,43,2,1,1,4843,12,0
669,0,1,0,0,0,0,0,0,1,0,0,0,1,47,2,1,4,3017,30,1
670,0,1,0,1,0,0,0,0,0,0,0,0,1,27,1,2,0,4139,24,1
671,0,1,0,1,0,0,0,0,0,0,0,0,1,31,2,2,0,5742,36,1
672,0,1,0,0,1,0,0,0,0,0,0,0,1,42,3,1,0,10366,60,1
673,0,1,0,0,1,0,0,0,0,0,0,0,1,24,2,3,0,2080,6,1
674,0,1,0,1,0,0,0,0,0,0,0,1,0,41,1,3,0,2580,21,0
675,0,0,1,0,0,0,0,0,1,0,0,0,1,26,3,1,0,4530,30,1
676,0,1,0,0,0,0,0,1,0,0,0,0,1,33,2,1,0,5150,24,1
677,0,1,0,0,0,0,0,0,1,0,0,1,0,24,2,2,2,5595,72,0
678,0,0,1,0,0,0,0,0,1,0,0,0,1,64,1,1,1,2384,24,1
679,0,1,0,0,0,0,0,0,1,0,0,0,1,26,2,1,0,1453,18,1
680,0,1,0,0,0,0,1,0,0,0,0,0,1,56,2,1,0,1538,6,1
681,1,0,0,0,0,0,0,0,1,0,0,0,1,37,2,0,0,2279,12,1
682,0,1,0,0,0,0,0,0,1,0,0,0,1,33,2,1,0,1478,15,1
683,1,0,0,0,0,0,0,0,1,0,0,0,1,47,2,1,0,5103,24,1
684,0,1,0,1,0,0,0,0,0,0,0,0,1,31,1,2,2,9857,36,1
685,1,0,0,0,1,0,0,0,0,0,0,0,1,34,2,0,0,6527,60,1
686,0,1,0,0,0,0,0,0,1,0,0,0,1,27,2,0,4,1347,10,1
687,1,0,0,0,1,0,0,0,0,0,0,0,1,30,2,2,2,2862,36,1
688,0,1,0,0,0,0,0,0,1,0,0,0,1,35,2,2,0,2753,9,1
689,0,1,0,0,1,0,0,0,0,0,0,0,1,31,2,4,1,3651,12,1
690,0,1,0,0,0,0,0,1,0,0,0,0,1,25,2,1,1,975,15,1
691,0,1,0,0,0,0,0,0,0,1,0,0,1,25,1,2,2,2631,15,1
692,0,1,0,0,0,0,0,0,1,0,0,0,1,29,2,2,2,2896,24,1
693,0,1,0,0,1,0,0,0,0,0,0,0,1,44,1,0,1,4716,6,1
694,0,1,0,0,0,0,0,0,1,0,0,0,1,28,2,1,0,2284,24,1
695,0,0,1,0,1,0,0,0,0,0,0,0,1,50,2,3,0,1236,6,1
696,0,1,0,0,0,0,0,0,1,0,0,0,1,29,2,1,2,1103,12,1
697,0,1,0,0,1,0,0,0,0,0,0,0,1,38,0,1,0,926,12,1
698,0,1,0,0,0,0,0,0,1,0,0,0,1,24,2,1,0,1800,18,1
699,0,0,1,0,0,0,1,0,0,0,0,0,1,40,3,1,4,1905,15,1
700,0,0,1,0,0,0,0,1,0,0,0,1,0,29,1,3,0,1123,12,0
701,1,0,0,0,1,0,0,0,0,0,0,1,0,46,2,1,1,6331,48,0
702,1,0,0,0,0,0,0,0,1,0,0,0,1,47,2,2,4,1377,24,1
703,0,1,0,1,0,0,0,0,0,0,0,0,1,41,2,2,2,2503,30,1
704,0,1,0,1,0,0,0,0,0,0,0,0,1,32,2,1,2,2528,27,1
705,1,0,0,0,1,0,0,0,0,0,0,0,1,35,2,3,0,5324,15,1
706,0,1,0,0,1,0,0,0,0,0,0,1,0,24,2,2,2,6560,48,0
707,0,0,1,0,0,0,0,1,0,0,0,1,0,25,2,1,2,2969,12,0
708,0,1,0,0,0,0,0,0,1,0,0,0,1,25,2,1,2,1206,9,1
709,0,1,0,0,0,0,0,0,1,0,0,0,1,37,1,1,2,2118,9,1
710,0,1,0,0,0,0,0,0,1,0,0,0,1,32,3,3,0,629,18,1
711,1,0,0,0,0,0,1,0,0,0,0,1,0,35,2,1,1,1198,6,0
712,0,1,0,0,1,0,0,0,0,0,0,0,1,46,3,0,0,2476,21,1
713,0,1,0,0,0,0,0,0,1,0,0,0,1,25,1,1,1,1138,9,1
714,0,1,0,0,1,0,0,0,0,0,0,1,0,27,3,1,2,14027,60,0
715,0,1,0,0,1,0,0,0,0,0,0,0,1,63,2,0,0,7596,30,1
716,0,1,0,0,0,0,0,0,1,0,0,0,1,40,2,0,0,3077,30,1
717,1,0,0,0,0,0,0,0,1,0,0,0,1,32,3,1,0,1505,18,1
718,0,1,0,0,0,0,0,0,1,0,0,0,1,31,2,0,4,3148,24,1
719,0,1,0,0,1,0,0,0,0,0,0,0,1,31,2,2,2,6148,20,1
720,0,1,0,0,0,0,0,0,1,0,0,1,0,34,3,1,4,1337,9,0
721,0,0,1,0,0,0,1,0,0,0,0,1,0,24,2,4,2,433,6,0
722,0,1,0,0,1,0,0,0,0,0,0,1,0,24,1,1,1,1228,12,0
723,0,1,0,0,0,0,0,0,1,0,0,0,1,66,1,3,2,790,9,1
724,0,0,1,0,1,0,0,0,0,0,0,1,0,21,2,1,0,2570,27,0
725,0,1,0,0,1,0,0,0,0,0,0,0,1,41,1,4,0,250,6,1
726,0,1,0,0,0,0,0,0,1,0,0,0,1,47,1,3,0,1316,15,1
727,0,0,1,0,0,0,0,0,1,0,0,1,0,25,2,1,1,1882,18,0
728,0,0,1,1,0,0,0,0,0,0,0,1,0,59,2,1,2,6416,48,0
729,0,1,0,1,0,0,0,0,0,0,0,0,1,36,2,4,4,1275,24,1
730,0,1,0,0,0,0,0,0,1,0,0,0,1,33,2,1,2,6403,24,1
731,0,0,1,0,0,0,0,0,1,0,0,1,0,21,1,1,1,1987,24,0
732,0,1,0,0,0,0,0,0,1,0,0,0,1,44,1,1,2,760,8,1
733,0,0,1,0,1,0,0,0,0,0,0,0,1,28,2,4,0,2603,24,1
734,0,1,0,0,1,0,0,0,0,0,0,0,1,37,2,1,0,3380,4,1
735,0,1,0,0,0,1,0,0,0,0,0,0,1,29,0,0,2,3990,36,1
736,0,0,1,0,1,0,0,0,0,0,0,1,0,23,3,1,2,11560,24,0
737,0,1,0,0,1,0,0,0,0,0,0,0,1,35,1,2,1,4380,18,1
738,0,1,0,0,1,0,0,0,0,0,0,0,1,45,3,1,0,6761,6,1
739,0,0,1,1,0,0,0,0,0,0,0,1,0,26,1,2,2,4280,30,0
740,0,1,0,0,1,0,0,0,0,0,0,0,1,32,2,2,1,2325,24,1
741,0,1,0,0,0,0,0,0,1,0,0,0,1,23,1,1,2,1048,10,1
742,0,1,0,0,0,0,0,0,1,0,0,0,1,41,2,0,0,3160,21,1
743,0,1,0,0,0,0,0,1,0,0,0,0,1,22,2,3,1,2483,24,1
744,0,1,0,0,0,0,0,1,0,0,0,0,1,30,3,0,1,14179,39,1
745,0,1,0,1,0,0,0,0,0,0,0,0,1,28,1,1,1,1797,13,1
746,0,0,1,0,1,0,0,0,0,0,0,0,1,23,2,1,1,2511,15,1
747,0,1,0,0,1,0,0,0,0,0,0,1,0,37,1,1,1,1274,12,0
748,0,1,0,0,1,0,0,0,0,0,0,0,1,26,2,0,0,5248,21,1
749,0,1,0,0,1,0,0,0,0,0,0,0,1,33,2,1,0,3029,15,1
750,0,1,0,0,0,0,0,1,0,0,0,0,1,49,2,1,1,428,6,1
751,0,1,0,0,1,0,0,0,0,0,0,1,0,23,1,1,1,976,18,0
752,0,0,1,1,0,0,0,0,0,0,0,0,1,23,1,2,2,841,12,1
753,0,1,0,0,0,0,0,0,1,0,0,0,1,25,2,1,0,5771,30,1
754,1,0,0,0,0,0,0,0,0,1,0,1,0,55,2,4,0,1555,12,0
755,0,0,1,0,1,0,0,0,0,0,0,1,0,32,2,0,1,1285,24,0
756,0,1,0,0,1,0,0,0,0,0,0,0,1,74,0,1,4,1299,6,1
757,1,0,0,0,0,0,0,0,1,0,0,1,0,39,2,0,4,1271,15,0
758,0,1,0,0,1,0,0,0,0,0,0,0,1,31,2,1,0,1393,24,1
759,0,1,0,0,1,0,0,0,0,0,0,1,0,35,2,1,1,691,12,0
760,0,1,0,0,1,0,0,0,0,0,0,0,1,59,2,0,0,5045,15,1
761,0,0,1,0,0,0,0,1,0,0,0,1,0,24,2,1,1,2124,18,0
762,0,1,0,0,0,0,0,0,1,0,0,0,1,24,1,1,1,2214,12,1
763,1,0,0,0,1,0,0,0,0,0,0,1,0,30,3,0,0,12680,21,0
764,0,1,0,0,1,0,0,0,0,0,0,0,1,27,2,2,0,2463,24,1
765,0,1,0,0,0,0,0,0,1,0,0,0,1,40,1,1,2,1155,12,1
766,0,1,0,0,0,0,0,1,0,0,0,1,0,31,1,1,1,3108,30,0
767,0,0,1,0,1,0,0,0,0,0,0,0,1,31,2,0,0,2901,10,1
768,0,0,1,0,0,0,0,1,0,0,0,0,1,28,2,1,2,3617,12,1
769,0,1,0,0,0,0,0,0,1,0,0,0,1,63,1,1,0,1655,12,1
770,0,0,1,0,1,0,0,0,0,0,0,0,1,26,2,0,1,2812,24,1
771,0,1,0,0,0,0,1,0,0,0,0,1,0,25,3,1,1,8065,36,0
772,0,1,0,0,1,0,0,0,0,0,0,0,1,36,3,1,0,3275,21,1
773,0,1,0,0,0,0,0,0,1,0,0,0,1,52,2,2,0,2223,24,1
774,1,0,0,0,1,0,0,0,0,0,0,0,1,66,0,3,4,1480,12,1
775,0,0,1,0,1,0,0,0,0,0,0,1,0,25,2,0,1,1371,24,0
776,0,1,0,0,1,0,0,0,0,0,0,0,1,37,2,1,0,3535,36,1
777,0,1,0,0,0,0,0,0,1,0,0,0,1,25,2,1,1,3509,18,1
778,0,1,0,0,1,0,0,0,0,0,0,0,1,38,3,4,0,5711,36,1
779,0,1,0,0,0,0,0,0,0,1,0,0,1,67,2,1,2,3872,18,1
780,0,1,0,0,0,0,0,0,1,0,0,1,0,25,2,1,2,4933,39,0
781,0,1,0,0,1,0,0,0,0,0,0,0,1,60,2,4,0,1940,24,1
782,0,1,0,0,0,0,1,0,0,0,0,0,1,31,1,1,2,1410,12,1
783,0,1,0,0,1,0,0,0,0,0,0,1,0,23,1,2,2,836,12,0
784,0,1,0,0,1,0,0,0,0,0,0,0,1,60,3,0,2,6468,20,1
785,0,1,0,1,0,0,0,0,0,0,0,0,1,35,1,4,2,1941,18,1
786,0,1,0,0,0,0,0,0,1,0,0,0,1,40,2,3,0,2675,22,1
787,0,1,0,0,1,0,0,0,0,0,0,0,1,38,2,0,0,2751,48,1
788,1,0,0,0,0,0,1,0,0,0,0,1,0,50,2,1,2,6224,48,0
789,0,1,0,0,0,0,1,0,0,0,0,1,0,27,2,1,1,5998,40,0
790,0,1,0,1,0,0,0,0,0,0,0,1,0,39,2,1,2,1188,21,0
791,0,1,0,0,1,0,0,0,0,0,0,0,1,41,3,0,0,6313,24,1
792,0,1,0,0,0,0,0,1,0,0,0,0,1,27,2,0,0,1221,6,1
793,1,0,0,0,0,0,0,1,0,0,0,0,1,51,2,1,4,2892,24,1
794,0,0,1,0,0,0,0,1,0,0,0,0,1,32,2,3,0,3062,24,1
795,0,0,1,0,0,0,0,1,0,0,0,0,1,22,2,2,0,2301,9,1
796,1,0,0,0,1,0,0,0,0,0,0,1,0,51,2,0,1,7511,18,0
797,0,0,1,0,0,0,0,1,0,0,0,0,1,22,1,1,0,1258,12,1
798,0,1,0,0,1,0,0,0,0,0,0,0,1,54,2,0,0,717,24,1
799,0,1,0,0,1,0,0,0,0,0,0,0,1,35,0,0,2,1549,9,1
800,1,0,0,0,0,0,1,0,0,0,0,0,1,54,2,1,0,1597,24,1
801,0,0,1,0,0,0,0,0,1,0,0,0,1,48,1,1,2,1795,18,1
802,0,1,0,0,0,0,0,1,0,0,0,0,1,24,2,1,1,4272,20,1
803,0,1,0,0,0,0,0,0,1,0,0,0,1,35,2,0,0,976,12,1
804,0,0,1,0,1,0,0,0,0,0,0,0,1,24,0,0,2,7472,12,1
805,0,1,0,0,1,0,0,0,0,0,0,1,0,24,2,1,1,9271,36,0
806,0,1,0,0,0,0,0,0,1,0,0,0,1,26,1,1,2,590,6,1
807,0,1,0,0,0,0,0,0,1,0,0,0,1,65,2,0,0,930,12,1
808,1,0,0,0,1,0,0,0,0,0,0,0,1,55,3,1,2,9283,42,1
809,0,0,1,0,1,0,0,0,0,0,0,1,0,26,0,1,2,1778,15,0
810,0,1,0,1,0,0,0,0,0,0,0,0,1,26,2,1,2,907,8,1
811,0,1,0,0,0,0,0,0,1,0,0,0,1,28,1,1,2,484,6,1
812,0,1,0,0,1,0,0,0,0,0,0,1,0,24,2,1,1,9629,36,0
813,0,1,0,0,0,1,0,0,0,0,0,1,0,54,2,1,1,3051,48,0
814,1,0,0,0,1,0,0,0,0,0,0,1,0,46,2,1,1,3931,48,0
815,0,0,1,0,1,0,0,0,0,0,0,0,1,54,2,1,2,7432,36,1
816,0,1,0,0,0,1,0,0,0,0,0,0,1,62,2,3,0,1338,6,1
817,0,0,1,0,0,0,0,0,1,0,0,0,1,24,2,1,0,1554,6,1
818,0,1,0,0,0,0,0,0,0,0,1,0,1,43,3,1,1,15857,36,1
819,0,1,0,0,0,0,0,0,1,0,0,1,0,26,2,1,1,1345,18,0
820,0,1,0,0,1,0,0,0,0,0,0,0,1,27,2,1,0,1101,12,1
821,0,1,0,0,0,0,0,0,1,0,0,0,1,24,2,1,4,3016,12,1
822,0,1,0,0,0,0,0,1,0,0,0,1,0,41,2,1,1,2712,36,0
823,0,1,0,0,1,0,0,0,0,0,0,0,1,47,1,1,1,731,8,1
824,0,1,0,0,0,0,0,1,0,0,0,0,1,35,3,1,0,3780,18,1
825,0,1,0,0,1,0,0,0,0,0,0,0,1,30,2,1,1,1602,21,1
826,0,0,1,0,1,0,0,0,0,0,0,1,0,33,2,1,1,3966,18,0
827,0,1,0,1,0,0,0,0,0,0,0,1,0,36,2,1,0,4165,18,0
828,1,0,0,0,1,0,0,0,0,0,0,1,0,47,2,0,1,8335,36,0
829,1,0,0,1,0,0,0,0,0,0,0,0,1,38,2,0,2,6681,48,1
830,0,1,0,1,0,0,0,0,0,0,0,0,1,44,2,3,0,2375,24,1
831,0,0,1,0,1,0,0,0,0,0,0,1,0,23,2,1,1,1216,18,0
832,0,0,1,1,0,0,0,0,0,0,0,1,0,29,2,1,1,11816,45,0
833,0,1,0,0,0,0,0,0,1,0,0,0,1,42,2,0,2,5084,24,1
834,0,1,0,0,0,0,0,0,1,0,0,1,0,25,1,1,4,2327,15,0
835,0,1,0,0,1,0,0,0,0,0,0,1,0,48,2,1,1,1082,12,0
836,0,1,0,0,0,0,0,0,1,0,0,0,1,21,2,0,0,886,12,1
837,0,0,1,0,0,0,0,1,0,0,0,0,1,23,1,1,0,601,4,1
838,0,1,0,0,1,0,0,0,0,0,0,0,1,63,2,1,1,2957,24,1
839,0,1,0,0,0,0,0,0,1,0,0,0,1,46,2,1,0,2611,24,1
840,0,1,0,0,0,0,0,1,0,0,0,1,0,29,2,1,1,5179,36,0
841,0,1,0,0,1,0,0,0,0,0,0,0,1,28,1,1,0,2993,21,1
842,0,1,0,0,0,0,0,0,0,1,0,1,0,23,2,1,0,1943,18,0
843,0,1,0,1,0,0,0,0,0,0,0,0,1,50,2,1,0,1559,24,1
844,0,1,0,0,0,0,0,1,0,0,0,0,1,47,2,1,0,3422,18,1
845,0,1,0,0,0,0,0,1,0,0,0,0,1,35,2,0,2,3976,21,1
846,0,0,1,0,1,0,0,0,0,0,0,1,0,68,2,0,0,6761,18,0
847,0,1,0,0,1,0,0,0,0,0,0,0,1,28,2,1,0,1249,24,1
848,0,1,0,0,0,0,0,0,1,0,0,0,1,59,2,1,1,1364,9,1
849,0,1,0,0,0,0,0,0,1,0,0,1,0,57,1,1,1,709,12,0
850,0,0,1,0,1,0,0,0,0,0,0,1,0,33,2,1,1,2235,20,0
851,0,1,0,0,1,0,0,0,0,0,0,0,1,43,2,0,0,4042,24,1
852,1,0,0,0,0,0,0,0,1,0,0,0,1,35,2,1,0,1471,15,1
853,1,0,0,0,1,0,0,0,0,0,0,1,0,32,1,1,1,1442,18,0
854,0,1,0,0,1,0,0,0,0,0,0,0,1,45,2,1,0,10875,36,1
855,0,1,0,0,1,0,0,0,0,0,0,0,1,33,2,2,0,1474,24,1
856,0,1,0,0,0,0,1,0,0,0,0,0,1,40,2,0,0,894,10,1
857,1,0,0,0,0,0,0,1,0,0,0,0,1,28,2,1,0,3343,15,1
858,0,1,0,0,1,0,0,0,0,0,0,1,0,29,2,1,1,3959,15,0
859,0,0,1,0,1,0,0,0,0,0,0,0,1,26,2,2,0,3577,9,1
860,0,1,0,0,1,0,0,0,0,0,0,0,1,27,2,4,0,5804,24,1
861,0,1,0,1,0,0,0,0,0,0,0,1,0,28,2,1,0,2169,18,0
862,0,1,0,0,0,0,0,0,1,0,0,1,0,35,2,1,1,2439,24,0
863,0,1,0,0,0,0,0,1,0,0,0,0,1,32,1,4,0,4526,27,1
864,0,0,1,0,0,0,0,1,0,0,0,1,0,25,1,1,0,2210,10,0
865,0,0,1,0,0,0,0,1,0,0,0,0,1,20,2,3,0,2221,15,1
866,0,1,0,0,0,0,0,0,1,0,0,0,1,27,2,1,1,2389,18,1
867,0,1,0,0,0,0,0,1,0,0,0,0,1,42,2,1,0,3331,12,1
868,0,1,0,1,0,0,0,0,0,0,0,0,1,37,2,0,0,7409,36,1
869,0,0,1,0,0,0,0,1,0,0,0,0,1,24,2,1,1,652,12,1
870,0,1,0,0,0,0,0,1,0,0,0,0,1,40,2,3,0,7678,36,1
871,0,1,0,0,1,0,0,0,0,0,0,0,1,46,2,1,4,1343,6,1
872,0,1,0,1,0,0,0,0,0,0,0,0,1,26,2,2,1,1382,24,1
873,0,1,0,0,0,1,0,0,0,0,0,0,1,24,2,0,0,874,15,1
874,0,1,0,0,0,0,0,1,0,0,0,0,1,29,1,1,1,3590,12,1
875,0,1,0,0,1,0,0,0,0,0,0,0,1,40,2,4,2,1322,11,1
876,1,0,0,0,0,0,0,0,1,0,0,0,1,36,3,1,1,1940,18,1
877,0,1,0,0,0,0,0,0,1,0,0,0,1,28,2,1,0,3595,36,1
878,1,0,0,0,1,0,0,0,0,0,0,1,0,27,3,1,1,1422,9,0
879,0,1,0,0,0,0,0,0,1,0,0,0,1,36,2,0,0,6742,30,1
880,0,1,0,0,1,0,0,0,0,0,0,0,1,38,3,1,0,7814,24,1
881,1,0,0,0,1,0,0,0,0,0,0,0,1,48,2,0,0,9277,24,1
882,0,1,0,0,1,0,0,0,0,0,0,0,1,36,2,0,2,2181,30,1
883,0,1,0,0,0,0,0,0,1,0,0,0,1,65,0,1,0,1098,18,1
884,0,1,0,0,0,0,0,1,0,0,0,1,0,43,2,1,2,4057,24,0
885,0,1,0,0,0,0,1,0,0,0,0,1,0,53,2,1,1,795,12,0
886,0,1,0,1,0,0,0,0,0,0,0,0,1,34,2,0,2,2825,24,1
887,0,1,0,1,0,0,0,0,0,0,0,1,0,23,2,1,2,15672,48,0
888,0,1,0,0,1,0,0,0,0,0,0,0,1,34,3,1,0,6614,36,1
889,0,0,1,0,1,0,0,0,0,0,0,0,1,40,2,0,0,7824,28,1
890,0,1,0,1,0,0,0,0,0,0,0,0,1,43,3,1,1,2442,27,1
891,0,1,0,0,0,0,0,0,1,0,0,0,1,46,2,1,0,1829,15,1
892,0,1,0,0,1,0,0,0,0,0,0,0,1,38,1,1,1,2171,12,1
893,0,1,0,0,1,0,0,0,0,0,0,0,1,34,2,1,2,5800,36,1
894,0,1,0,0,0,0,0,0,1,0,0,0,1,29,2,0,0,1169,18,1
895,0,1,0,0,1,0,0,0,0,0,0,0,1,31,3,0,0,8947,36,1
896,0,0,1,0,0,0,0,0,1,0,0,0,1,28,3,1,1,2606,21,1
897,0,1,0,0,0,0,0,1,0,0,0,0,1,35,2,4,0,1592,12,1
898,0,0,1,0,0,0,0,1,0,0,0,0,1,33,1,0,0,2186,15,1
899,0,1,0,0,0,0,0,1,0,0,0,1,0,42,2,1,1,4153,18,0
900,0,0,1,0,1,0,0,0,0,0,0,1,0,43,2,1,1,2625,16,0
901,0,1,0,0,1,0,0,0,0,0,0,0,1,44,2,0,0,3485,20,1
902,1,0,0,0,1,0,0,0,0,0,0,0,1,42,2,0,0,10477,36,1
903,0,0,1,0,0,0,0,0,1,0,0,0,1,40,2,0,0,1386,15,1
904,0,1,0,0,0,0,0,0,1,0,0,0,1,36,3,1,0,1278,24,1
905,0,0,1,0,0,0,0,0,1,0,0,0,1,20,3,1,1,1107,12,1
906,0,1,0,0,1,0,0,0,0,0,0,0,1,24,1,0,1,3763,21,1
907,0,1,0,0,0,0,1,0,0,0,0,0,1,27,2,0,2,3711,36,1
908,0,1,0,0,1,0,0,0,0,0,0,0,1,46,1,1,0,3594,15,1
909,0,1,0,0,1,0,0,0,0,0,0,0,1,33,1,0,2,3195,9,1
910,0,1,0,0,0,0,0,0,1,0,0,0,1,34,2,1,0,4454,36,1
911,0,1,0,0,0,0,0,1,0,0,0,1,0,25,1,1,2,4736,24,0
912,0,1,0,0,0,0,0,0,1,0,0,0,1,25,2,0,2,2991,30,1
913,0,1,0,1,0,0,0,0,0,0,0,0,1,28,2,4,0,2142,11,1
914,0,0,1,1,0,0,0,0,0,0,0,1,0,31,2,1,1,3161,24,0
915,0,1,0,0,0,0,0,0,0,0,1,1,0,32,3,1,2,18424,48,0
916,0,1,0,0,1,0,0,0,0,0,0,0,1,32,2,2,0,2848,10,1
917,0,1,0,0,1,0,0,0,0,0,0,1,0,68,3,1,1,14896,6,0
918,0,1,0,0,0,0,0,1,0,0,0,1,0,33,2,2,1,2359,24,0
919,0,0,1,0,0,0,0,1,0,0,0,1,0,39,3,1,1,3345,24,0
920,0,1,0,0,0,0,0,1,0,0,0,0,1,28,2,1,0,1817,18,1
921,0,1,0,0,0,0,0,0,1,0,0,0,1,37,3,3,0,12749,48,1
922,0,0,1,0,0,0,0,0,1,0,0,1,0,22,2,1,1,1366,9,0
923,0,0,1,0,1,0,0,0,0,0,0,0,1,30,2,1,2,2002,12,1
924,0,1,0,0,0,0,0,1,0,0,0,1,0,55,2,1,1,6872,24,0
925,0,1,0,0,1,0,0,0,0,0,0,1,0,46,2,1,1,697,12,0
926,0,0,1,0,0,0,0,1,0,0,0,0,1,21,2,1,1,1049,18,1
927,1,0,0,0,1,0,0,0,0,0,0,1,0,39,2,1,1,10297,48,0
928,0,1,0,0,0,0,0,0,1,0,0,0,1,58,2,0,0,1867,30,1
929,0,1,0,0,1,0,0,0,0,0,0,0,1,43,1,1,1,1344,12,1
930,0,1,0,0,0,0,0,1,0,0,0,0,1,24,1,1,1,1747,24,1
931,0,1,0,0,0,0,0,0,1,0,0,1,0,22,2,1,2,1670,9,0
932,0,1,0,0,1,0,0,0,0,0,0,0,1,30,2,1,0,1224,9,1
933,0,1,0,0,0,0,0,0,1,0,0,0,1,42,2,3,0,522,12,1
934,0,1,0,0,0,0,0,0,1,0,0,0,1,23,2,1,1,1498,12,1
935,0,1,0,0,0,0,0,0,1,0,0,1,0,30,3,2,2,1919,30,0
936,0,1,0,0,0,0,0,0,1,0,0,1,0,28,1,1,4,745,9,0
937,0,0,1,0,0,0,0,0,1,0,0,0,1,30,3,1,2,2063,6,1
938,1,0,0,0,0,0,1,0,0,0,0,1,0,42,2,1,2,6288,60,0
939,0,1,0,0,1,0,0,0,0,0,0,0,1,46,3,0,0,6842,24,1
940,0,1,0,0,1,0,0,0,0,0,0,0,1,45,3,0,0,3527,12,1
941,0,1,0,0,1,0,0,0,0,0,0,0,1,31,1,1,0,1546,10,1
942,0,1,0,0,0,0,0,1,0,0,0,0,1,31,2,0,0,929,24,1
943,0,1,0,0,1,0,0,0,0,0,0,0,1,42,1,1,0,1455,4,1
944,0,0,1,0,0,0,0,1,0,0,0,0,1,46,2,1,1,1845,15,1
945,0,1,0,0,1,0,0,0,0,0,0,0,1,30,2,3,2,8358,48,1
946,1,0,0,0,0,0,0,1,0,0,0,1,0,30,2,3,1,3349,24,0
947,0,1,0,0,1,0,0,0,0,0,0,0,1,38,3,0,0,2859,12,1
948,0,1,0,0,0,0,0,1,0,0,0,1,0,43,1,1,0,1533,18,0
949,0,1,0,0,0,0,0,0,1,0,0,1,0,31,2,2,0,3621,24,0
950,0,1,0,1,0,0,0,0,0,0,0,0,1,40,0,1,2,3590,18,1
951,0,1,0,1,0,0,0,0,0,0,0,1,0,24,2,1,1,2145,36,0
952,0,0,1,0,1,0,0,0,0,0,0,1,0,28,2,3,2,4113,24,0
953,0,1,0,0,0,0,0,1,0,0,0,1,0,26,3,1,0,10974,36,0
954,0,1,0,0,1,0,0,0,0,0,0,0,1,29,2,1,1,1893,12,1
955,0,0,1,0,0,0,0,0,1,0,0,0,1,57,3,4,1,1231,24,1
956,0,1,0,0,0,0,0,0,1,0,0,0,1,49,1,0,4,3656,30,1
957,0,1,0,0,0,0,0,0,1,0,0,0,1,37,1,1,2,1154,9,1
958,0,1,0,0,1,0,0,0,0,0,0,1,0,45,1,1,1,4006,28,0
959,1,0,0,0,0,0,0,1,0,0,0,0,1,30,2,2,2,3069,24,1
960,0,0,1,0,0,0,0,0,1,0,0,0,1,30,2,1,0,1740,6,1
961,0,1,0,0,1,0,0,0,0,0,0,0,1,47,2,1,2,2353,21,1
962,0,1,0,0,1,0,0,0,0,0,0,0,1,29,2,0,0,3556,15,1
963,0,1,0,0,0,0,0,0,1,0,0,1,0,35,2,3,0,2397,24,0
964,0,1,0,0,0,0,0,0,0,1,0,0,1,22,1,1,2,454,6,1
965,0,1,0,0,0,0,0,0,1,0,0,0,1,26,2,0,2,1715,30,1
966,0,1,0,0,0,0,0,0,1,0,0,1,0,23,1,3,2,2520,27,0
967,0,0,1,0,0,0,0,0,1,0,0,0,1,54,3,1,0,3568,15,1
968,0,0,1,0,0,0,0,0,1,0,0,0,1,29,2,0,0,7166,42,1
969,0,1,0,0,1,0,0,0,0,0,0,0,1,40,1,1,1,3939,11,1
970,0,1,0,0,0,0,0,0,0,1,0,0,1,22,2,2,2,1514,15,1
971,0,1,0,0,1,0,0,0,0,0,0,0,1,43,1,1,0,7393,24,1
972,0,0,1,0,1,0,0,0,0,0,0,1,0,29,0,1,1,1193,24,0
973,0,0,1,1,0,0,0,0,0,0,0,1,0,36,2,1,1,7297,60,0
974,0,1,0,0,0,0,0,0,1,0,0,0,1,33,2,1,0,2831,30,1
975,0,1,0,0,0,0,0,0,1,0,0,0,1,57,1,3,4,1258,24,1
976,0,1,0,0,0,0,0,0,1,0,0,0,1,64,2,1,2,753,6,1
977,0,1,0,1,0,0,0,0,0,0,0,0,1,42,2,0,2,2427,18,1
978,0,1,0,0,1,0,0,0,0,0,0,1,0,47,1,1,0,2538,24,0
979,0,0,1,0,1,0,0,0,0,0,0,1,0,25,2,2,2,1264,15,0
980,0,1,0,0,0,0,0,1,0,0,0,1,0,49,2,1,2,8386,30,0
981,0,0,1,1,0,0,0,0,0,0,0,1,0,33,3,1,0,4844,48,0
982,0,1,0,0,1,0,0,0,0,0,0,0,1,28,3,2,4,2923,21,1
983,0,1,0,0,1,0,0,0,0,0,0,1,0,26,2,1,1,8229,36,0
984,0,1,0,0,0,0,0,1,0,0,0,0,1,30,1,1,0,2028,24,1
985,0,0,1,0,0,0,0,1,0,0,0,0,1,25,2,1,1,1433,15,1
986,0,1,0,1,0,0,0,0,0,0,0,0,1,33,2,1,4,6289,42,1
987,0,1,0,0,0,0,0,0,1,0,0,0,1,64,2,2,0,1409,13,1
988,1,0,0,0,1,0,0,0,0,0,0,0,1,29,3,1,1,6579,24,1
989,0,1,0,0,0,0,0,0,1,0,0,0,1,48,1,1,2,1743,24,1
990,0,1,0,0,0,0,1,0,0,0,0,0,1,37,1,0,0,3565,12,1
991,0,1,0,0,0,0,0,0,1,0,0,0,1,34,1,2,0,1569,15,1
992,0,0,1,0,0,0,0,0,1,0,0,0,1,23,1,0,1,1936,18,1
993,0,1,0,0,0,0,0,1,0,0,0,0,1,30,3,1,1,3959,36,1
994,0,1,0,0,1,0,0,0,0,0,0,0,1,50,2,0,0,2390,12,1
995,0,1,0,0,0,0,0,1,0,0,0,0,1,31,1,1,0,1736,12,1
996,0,1,0,0,1,0,0,0,0,0,0,0,1,40,3,1,1,3857,30,1
997,0,1,0,0,0,0,0,0,1,0,0,0,1,38,2,1,0,804,12,1
998,1,0,0,0,0,0,0,0,1,0,0,1,0,23,2,1,1,1845,45,0
999,0,1,0,0,1,0,0,0,0,0,0,0,1,27,2,2,2,4576,45,1
